Date,Open,High,Low,Close,Adj Close,Volume
12/1/2006,173.042435,173.042435,155.268692,161.515854,141.449173,10001085
12/4/2006,162.023666,170.512909,162.023666,169.085266,148.078171,18491096
12/5/2006,170.167969,170.867416,167.293518,169.209824,148.187225,6699838
12/6/2006,167.121048,170.167969,165.568832,168.912796,147.927109,4822862
12/7/2006,168.634933,171.701019,167.32225,171.068634,149.815109,3963218
12/8/2006,170.551239,171.317749,165.42511,166.105408,145.468521,5872840
12/11/2006,166.680298,166.680298,156.17894,160.864304,140.87854,6394422
12/12/2006,160.778076,163.077637,144.681107,157.184998,137.656342,11916839
12/13/2006,159.360001,163.844162,153.620667,161.180496,141.155457,6957223
12/14/2006,161.448776,164.610687,160.222351,162.588974,142.388962,4875056
12/15/2006,164.361572,165.94252,163.489639,164.466965,144.0336,4003144
12/18/2006,165.013107,171.509384,159.292938,171.068634,149.815109,10275295
12/19/2006,171.011139,171.662689,162.521912,165.070602,144.562256,7600284
12/20/2006,165.377213,168.816971,158.737213,160.289413,140.375092,10803050
12/21/2006,160.011551,166.526993,160.011551,165.626328,145.04895,4890273
12/22/2006,162.244049,165.750885,162.244049,164.821472,144.344086,2948234
12/26/2006,166.699463,170.838684,163.269272,169.506851,148.447357,5127072
12/27/2006,169.784714,174.939575,167.724686,173.761047,152.173004,8199676
12/28/2006,174.38385,177.248718,171.701019,173.052017,151.552078,9620655
12/29/2006,174.38385,175.09288,170.560822,172.58252,151.1409,4262471
1/2/2007,172.869965,178.982986,171.538132,178.120636,155.990967,4397705
1/3/2007,179.136292,184.348633,179.136292,179.797409,157.459427,12146833
1/4/2007,187.797989,189.407684,180.324387,181.493347,158.944626,9239625
1/5/2007,182.049072,183.007217,178.091904,179.634521,157.316772,7578079
1/8/2007,179.174606,180.860962,172.467545,177.929016,155.823151,8149058
1/9/2007,178.024826,178.982986,172.8508,174.594635,152.903046,6023636
1/10/2007,174.17305,176.108521,171.538132,174.086823,152.458298,8956607
1/11/2007,174.38385,176.683411,172.860382,175.983963,154.119751,6246930
1/12/2007,176.491776,181.071747,175.01622,180.362717,157.954514,8533762
1/15/2007,182.00116,182.470657,178.829681,181.761627,159.179596,4991739
1/16/2007,182.049072,184.233658,181.205887,183.49588,160.69841,4501937
1/17/2007,184.808548,186.744019,181.474182,184.875626,161.906723,6234427
1/18/2007,186.839828,186.839828,180.611832,182.901825,160.178146,4936132
1/19/2007,183.562958,184.866043,178.216461,182.183212,159.548798,7486262
1/22/2007,183.007217,185.670883,180.180664,184.597763,161.663361,9403581
1/23/2007,184.923523,185.843353,181.090912,182.1353,159.506851,3187439
1/24/2007,183.007217,183.735413,173.7323,175.543213,153.733749,10491951
1/25/2007,182.815598,185.651718,175.341995,177.766129,155.680511,7573837
1/29/2007,177.641571,178.015244,171.729767,172.362137,150.947937,6033431
1/31/2007,174.38385,178.216461,166.335358,168.309158,147.398483,6819338
2/1/2007,170.321274,174.38385,169.228989,173.684387,152.10585,3286374
2/2/2007,176.261826,176.779221,173.234055,174.355103,152.693253,4498770
2/5/2007,175.15036,176.836716,171.547714,176.118103,154.237228,4885326
2/6/2007,176.875046,177.833191,174.00058,176.309738,154.40506,3160539
2/7/2007,176.47261,176.664246,171.930969,172.908295,151.426208,4691432
2/8/2007,174.767105,178.216461,170.781189,171.854324,150.503159,3914040
2/9/2007,171.854324,174.57547,169.612244,173.435272,151.887726,4583902
2/12/2007,178.216461,178.216461,165.377213,167.686356,146.853027,8906182
2/13/2007,167.485138,173.052017,162.886002,166.095825,145.460129,5986173
2/14/2007,167.485138,167.485138,159.628296,162.924332,142.682648,14323291
2/15/2007,166.718628,170.551239,163.269272,166.584473,145.888046,11121663
2/19/2007,168.634933,170.359604,165.760468,166.680298,145.971985,3008016
2/20/2007,166.526993,167.283936,162.886002,164.035797,143.656052,3302948
2/21/2007,164.035797,167.101883,163.269272,164.58194,144.134293,4584273
2/22/2007,164.802322,165.971268,158.4785,159.973221,140.09819,7681168
2/23/2007,162.023666,162.023666,152.346329,156.562195,137.110947,8937257
2/26/2007,157.137085,162.656052,152.576279,160.883469,140.895355,5110535
2/27/2007,161.640411,162.665634,156.207687,157.779053,138.176605,3178083
2/28/2007,153.304474,155.220779,144.748169,149.970108,131.337845,10528793
3/1/2007,153.496109,155.96814,146.999832,151.206131,132.420303,10387198
3/2/2007,152.346329,152.346329,148.130447,148.590363,130.129547,8387861
3/5/2007,148.341248,149.280243,139.50708,141.787476,124.171844,10832915
3/6/2007,142.956421,147.114807,137.408722,139.2388,121.939804,15055335
3/7/2007,143.243866,147.172302,136.460144,141.538361,123.953667,12134189
3/8/2007,143.742111,148.513718,142.764801,146.95192,128.694641,11198957
3/9/2007,148.504135,149.931778,142.783966,145.093109,127.06678,5779958
3/12/2007,145.112274,148.322083,144.776917,146.539917,128.333832,5192730
3/13/2007,146.789032,149.222748,145.121857,148.149612,129.74353,3683519
3/14/2007,138.45311,145.639252,135.818192,142.506088,124.801147,8746358
3/15/2007,143.722946,146.099167,138.558502,139.114227,121.830704,5200119
3/16/2007,140.101135,144.297836,140.101135,143.387589,125.573143,5614541
3/19/2007,143.914581,148.504135,143.339691,147.881332,129.508591,3248599
3/20/2007,148.369995,149.663498,145.735077,147.411835,129.097397,5171199
3/21/2007,147.938828,149.241913,145.687164,148.667023,130.196671,6456630
3/22/2007,149.663498,155.412415,149.299393,154.281799,135.113861,6740515
3/23/2007,154.454269,154.454269,150.238388,151.301941,132.504227,6502954
3/26/2007,142.764801,151.560638,142.764801,144.211609,126.294792,12843084
3/28/2007,143.722946,143.914581,137.207504,137.897385,120.76503,13330313
3/29/2007,139.689117,143.406754,133.873138,137.293747,120.236382,21538334
3/30/2007,138.54892,140.465225,137.303329,139.545395,122.208305,6832833
4/2/2007,136.249359,136.249359,126.677406,128.564972,112.592087,15760343
4/3/2007,130.251312,131.42984,128.584137,130.577087,114.354225,10731454
4/4/2007,131.477753,132.407166,128.220032,130.845367,114.589172,10438129
4/5/2007,130.308807,133.135361,130.136337,131.477753,115.14299,11951144
4/9/2007,132.225113,136.009811,132.225113,134.850449,118.096657,6771919
4/10/2007,136.345169,139.047165,135.712784,138.271057,121.092285,10853496
4/11/2007,138.271057,140.08197,136.757172,138.51059,121.302063,7524325
4/12/2007,137.74408,137.782394,135.492416,136.517639,119.556725,7159874
4/13/2007,136.843414,139.411255,134.907944,139.181305,121.88945,8635014
4/16/2007,140.848495,144.661942,139.890335,143.770859,125.908791,6822657
4/17/2007,143.914581,145.926697,139.50708,140.00531,122.611076,12872730
4/18/2007,136.297256,141.998276,136.297256,138.45311,121.251709,3659201
4/19/2007,137.399139,138.395615,134.946274,136.651779,119.674187,7962444
4/20/2007,138.357285,140.551468,137.993195,138.529755,121.318825,5690599
4/23/2007,139.832855,140.599365,137.015884,137.619507,120.521683,5306996
4/24/2007,139.660385,144.489471,138.95134,142.113251,124.457146,10900597
4/25/2007,143.742111,147.06691,143.732529,145.457199,127.385628,11846531
4/26/2007,148.896973,151.359421,143.243866,146.904022,128.652695,11053662
4/27/2007,147.20105,148.398743,141.615005,143.598389,125.757774,9948118
4/30/2007,141.835388,145.830887,140.273605,144.058304,126.160522,7451148
5/3/2007,149.471863,149.471863,139.717865,140.48439,123.030647,11471043
5/4/2007,140.65686,142.707306,139.12381,140.17778,122.762115,7133672
5/7/2007,140.848495,142.381531,137.70575,139.56456,122.225098,9465356
5/8/2007,139.56456,140.848495,137.983612,138.95134,121.688026,3752855
5/9/2007,139.890335,140.17778,136.632614,138.596832,121.377602,6198884
5/10/2007,139.526245,140.608948,136.440979,136.987137,119.967865,5171736
5/11/2007,136.632614,138.136917,132.225113,137.226669,120.177666,7831144
5/14/2007,139.64122,139.852005,135.885254,137.054199,120.026634,5489681
5/15/2007,137.571609,137.954865,136.632614,136.891312,119.883972,3411010
5/16/2007,137.015884,141.404221,137.015884,140.781418,123.290764,5151150
5/17/2007,144.623611,145.026031,141.23175,143.837921,125.967522,8039853
5/18/2007,144.106216,145.064362,141.806641,142.151581,124.490692,7618219
5/21/2007,141.998276,142.764801,138.54892,139.018417,121.746819,12264711
5/22/2007,139.315445,142.506088,138.79805,139.305862,121.998535,9258281
5/23/2007,124.157463,140.628113,124.157463,135.674469,118.818298,10666188
5/24/2007,135.454086,137.399139,135.147476,136.575134,119.607071,5215967
5/25/2007,135.674469,139.6987,134.725891,139.305862,121.998535,5257662
5/28/2007,139.890335,141.979111,139.545395,140.417328,122.971893,5505702
5/29/2007,140.848495,142.554001,139.919083,141.969528,124.331261,8243886
5/30/2007,142.937271,142.937271,141.040115,142.209061,124.541046,4815603
5/31/2007,142.573166,146.482437,142.189911,144.815247,126.823441,12464001
6/1/2007,144.364914,145.581772,142.228226,143.330109,128.064774,7533520
6/4/2007,142.764801,142.764801,135.588226,136.220612,121.712479,12221534
6/5/2007,136.977554,138.223145,135.616974,136.153534,121.65255,7755969
6/6/2007,135.099579,136.057724,125.728836,131.841858,117.800079,12527247
6/7/2007,129.542282,136.000229,128.852417,129.896805,116.062187,6311982
6/8/2007,129.896805,129.896805,123.898766,124.981476,111.670364,17354227
6/11/2007,129.561447,129.561447,123.793365,125.173103,111.841583,7423355
6/12/2007,110.187592,126.284561,110.187592,122.873543,109.786934,8707101
6/13/2007,123.601738,125.958794,123.02684,123.64006,110.471817,9038473
6/14/2007,127.463097,127.463097,122.31781,123.074753,109.966721,15640931
6/15/2007,123.985001,131.266953,123.601738,124.636543,111.362167,9292336
6/18/2007,126.092934,126.092934,123.19931,123.592155,110.429008,12218408
6/19/2007,123.410103,127.424767,123.410103,127.146904,113.605156,7001533
6/20/2007,127.654724,132.234695,127.654724,131.535248,117.526123,11069756
6/21/2007,133.183273,133.758163,130.711227,131.746033,117.714462,12372606
6/22/2007,130.692062,131.746033,127.079834,131.132813,117.166565,6319606
6/25/2007,131.266953,132.320923,128.99614,129.954285,116.113541,2503587
6/26/2007,129.925552,131.841858,128.593719,131.190308,117.217934,3533010
6/27/2007,130.979507,131.362778,127.625977,128.718277,115.009171,3867018
6/28/2007,129.101532,129.513535,126.428284,127.319366,113.759254,8643134
6/29/2007,127.635559,129.350647,127.625977,128.430832,114.752342,3454072
7/2/2007,128.296692,131.726868,127.664307,130.730392,116.806999,4876715
7/3/2007,131.075333,133.164108,129.580612,131.42984,117.431938,9394908
7/4/2007,132.972473,135.578644,131.650223,134.400116,120.085876,6767243
7/5/2007,134.141418,136.613449,133.250336,135.971497,121.489899,5607997
7/6/2007,135.866089,137.590775,133.307831,136.287689,121.772415,7438227
7/9/2007,136.258942,138.45311,136.258942,137.264999,122.645622,4270367
7/10/2007,137.97403,143.071411,137.97403,142.429443,127.26004,11109692
7/11/2007,142.189911,142.429443,139.344193,141.05928,126.035812,4711528
7/12/2007,141.05928,142.764801,139.315445,141.777893,126.677864,7189321
7/13/2007,143.531311,147.957993,142.391113,146.99025,131.335068,11413563
7/16/2007,150.621658,150.621658,143.972076,145.543442,130.042358,12143775
7/17/2007,145.543442,146.980667,142.783966,143.492996,128.210312,6353285
7/18/2007,143.722946,144.681107,140.17778,142.448608,127.277176,4675385
7/19/2007,143.722946,150.430023,142.381531,148.849075,132.995956,8551619
7/20/2007,159.053391,159.053391,145.639252,147.095642,131.42926,9474134
7/23/2007,147.555557,149.471863,144.872726,146.904022,131.258041,5938127
7/24/2007,147.363937,149.280243,142.764801,143.167221,127.91925,3644245
7/25/2007,143.167221,143.167221,138.45311,139.12381,124.306465,6952344
7/26/2007,140.062805,146.070419,137.629089,140.244858,125.308121,16780305
7/27/2007,140.848495,140.848495,133.183273,133.978531,119.70919,8324724
7/30/2007,138.069839,138.069839,133.374893,135.530746,121.096085,5309903
7/31/2007,135.291199,137.74408,131.37236,134.026443,119.751991,15030485
8/1/2007,132.033478,132.033478,126.639084,127.894264,114.272919,7292629
8/2/2007,127.434349,129.848892,123.908348,124.904823,111.601875,12982978
8/3/2007,128.967392,128.967392,125.316833,125.776741,112.38092,7954288
8/6/2007,124.559891,125.518044,120.957237,124.329933,111.088219,6031651
8/7/2007,125.518044,127.817612,125.518044,126.035446,112.612076,5043129
8/8/2007,127.434349,128.478729,125.901306,126.274986,112.826111,7324059
8/9/2007,127.242714,130.308807,126.322891,127.156487,113.613731,7192530
8/10/2007,124.301186,128.871582,124.301186,128.277527,114.615372,3819510
8/13/2007,129.350647,133.374893,128.421249,132.713776,118.57914,6350483
8/14/2007,133.374893,133.853973,130.500443,132.445496,118.339432,4548574
8/16/2007,126.667824,129.120697,124.559891,126.572006,113.091492,4135362
8/17/2007,126.572006,128.200867,122.336975,122.86396,109.778389,11073059
8/20/2007,126.476196,127.817612,123.429268,124.531143,111.26799,10714724
8/21/2007,124.559891,125.518044,120.372757,121.522545,108.579826,10748528
8/22/2007,121.30217,123.122658,118.063614,118.715157,106.071434,13041513
8/23/2007,120.708115,123.02684,117.469559,118.964279,106.294014,12188194
8/24/2007,120.363182,127.242714,120.363182,125.824654,112.423729,6072260
8/27/2007,127.501419,130.692062,127.501419,129.427307,115.642677,4559621
8/28/2007,130.117172,130.117172,125.786324,127.060669,113.528099,6422601
8/29/2007,126.476196,129.848892,123.601738,129.187775,115.428673,14402381
8/30/2007,130.347137,133.949783,129.159027,130.45253,116.558731,16376053
8/31/2007,130.308807,136.249359,130.308807,134.476776,120.154366,8561200
9/3/2007,134.907944,135.866089,132.646698,134.687561,120.342705,4993435
9/4/2007,134.151001,135.655304,130.701645,132.48381,118.37365,7347725
9/5/2007,134.141418,136.613449,131.650223,133.921051,119.657822,7146176
9/6/2007,134.333054,137.379974,132.225113,136.450562,121.917931,5019688
9/7/2007,136.824249,137.590775,132.637115,133.212006,119.0243,4001104
9/10/2007,131.554413,135.070831,130.538757,134.658829,120.317017,4032153
9/11/2007,134.907944,135.003754,131.516083,132.062225,117.996971,3466946
9/12/2007,132.608368,133.930618,130.500443,131.219055,117.243607,4550515
9/13/2007,131.219055,133.949783,131.151978,133.183273,118.998634,3526294
9/14/2007,134.333054,135.080414,132.08139,132.943726,118.784584,3454568
9/17/2007,133.758163,133.758163,131.94725,133.135361,118.955818,3085853
9/18/2007,133.758163,134.333054,132.637115,133.394058,119.186966,2131042
9/19/2007,134.716309,140.838913,134.141418,138.05069,123.347626,7106453
9/20/2007,139.67955,143.301361,138.740555,140.129868,125.205376,6752282
9/21/2007,137.97403,143.071411,137.97403,141.998276,126.874802,5263026
9/24/2007,143.684616,144.681107,141.423386,143.186386,127.936386,4839931
9/25/2007,143.186386,143.320526,140.48439,141.979111,126.857674,4948906
9/26/2007,141.979111,143.148056,138.261475,141.787476,126.686462,3415816
9/27/2007,143.148056,145.773392,141.806641,143.972076,128.638367,16099339
9/28/2007,144.681107,157.520355,142.209061,148.877808,133.021622,13964773
10/1/2007,154.645889,154.645889,146.597412,148.187943,132.405243,7883735
10/3/2007,149.088608,155.144135,144.125366,151.024078,134.939285,8788418
10/4/2007,153.304474,154.722549,148.973633,153.199081,136.88266,9626312
10/5/2007,153.199081,153.314056,147.555557,149.289825,133.389771,4775275
10/8/2007,149.50061,150.813278,142.764801,146.472855,130.872803,15232838
10/9/2007,142.764801,153.304474,142.764801,152.566696,136.317612,5663959
10/10/2007,148.25502,156.9263,148.25502,154.588409,138.124023,5970012
10/11/2007,155.412415,161.333801,153.323639,159.158798,142.207642,8124417
10/12/2007,159.053391,160.758911,151.206131,153.946442,137.550415,8763929
10/15/2007,154.645889,158.095245,154.645889,156.811325,140.110168,4369453
10/16/2007,160.413971,160.413971,154.262634,157.29039,140.538239,4155672
10/17/2007,148.82991,156.14061,141.998276,154.636307,138.166809,7697095
10/18/2007,153.544022,157.46286,144.681107,151.646881,135.495773,9498409
10/19/2007,149.395218,153.496109,145.303894,150.458771,134.434219,4221095
10/22/2007,149.280243,150.238388,145.639252,148.111298,132.336746,4625435
10/23/2007,149.663498,154.914169,149.663498,152.461304,136.223465,7599610
10/24/2007,153.093689,154.262634,147.555557,148.437057,132.627823,9307161
10/25/2007,150.238388,156.52388,148.513718,153.419464,137.079575,5685647
10/26/2007,153.266159,156.17894,148.552032,154.224304,137.798676,5484197
10/29/2007,156.52388,160.356491,153.496109,154.693802,138.21817,6504644
10/30/2007,155.220779,156.54303,144.882309,147.12439,131.454941,13522751
10/31/2007,147.038162,154.444687,143.732529,145.227249,129.759888,15833228
11/1/2007,147.555557,147.919662,141.615005,143.138474,127.893555,8762066
11/2/2007,139.890335,145.447617,138.93219,144.642776,129.237656,3284548
11/5/2007,143.722946,143.722946,140.848495,141.835388,126.729263,5753167
11/6/2007,141.835388,142.726471,137.264999,137.868637,123.184982,3437196
11/7/2007,137.97403,140.75267,136.096054,138.031525,123.330505,3703484
11/8/2007,137.015884,138.874695,135.022919,135.588226,121.147453,2249870
11/12/2007,131.650223,133.058701,129.350647,131.142395,117.17511,3345097
11/13/2007,132.225113,135.137894,128.986557,132.857498,118.707558,4206791
11/14/2007,134.141418,140.235275,134.141418,135.607391,121.164574,3104812
11/15/2007,135.099579,137.686584,133.288666,133.940201,119.67495,3067098
11/16/2007,131.266953,136.249359,131.266953,133.585693,119.3582,5349474
11/19/2007,133.566528,137.006302,133.566528,134.735474,120.385506,2644572
11/20/2007,133.183273,137.552444,132.809586,135.760696,121.301552,6317075
11/21/2007,137.015884,137.015884,131.5065,132.474228,118.365112,3316641
11/22/2007,132.225113,134.333054,129.954285,133.087448,118.913017,4761635
11/23/2007,134.620499,138.68306,133.853973,136.891312,122.311752,4237647
11/26/2007,137.993195,139.50708,135.099579,136.393082,121.866585,3753664
11/27/2007,136.249359,138.45311,135.291199,137.926117,123.236343,6008168
11/28/2007,137.97403,139.06633,136.824249,138.213562,123.493172,3686566
11/29/2007,139.315445,142.419861,136.824249,137.629089,122.97094,10588517
11/30/2007,138.740555,142.573166,136.824249,140.359833,125.410866,7545960
12/3/2007,141.040115,143.531311,140.532303,141.068863,126.044373,2513799
12/4/2007,141.23175,142.956421,139.574142,142.055756,126.926163,3294212
12/5/2007,142.573166,150.219223,142.573166,148.015472,132.251144,7361632
12/6/2007,148.609528,149.855133,146.262054,148.599945,132.773376,4215365
12/7/2007,148.513718,149.797638,145.744659,147.038162,131.377914,5887473
12/10/2007,147.938828,149.031113,142.774384,146.875275,131.232361,2720656
12/11/2007,147.555557,148.954468,145.830887,148.552032,132.730545,3528126
12/12/2007,148.877808,149.471863,146.022522,147.56514,131.84874,3474095
12/13/2007,146.597412,150.966583,143.703781,146.242889,130.667313,5974317
12/14/2007,145.639252,146.405777,141.423386,142.736053,127.533966,4704394
12/17/2007,142.534836,143.665466,132.225113,134.476776,120.154366,6631127
12/18/2007,135.885254,137.97403,133.566528,134.563004,120.231415,3498376
12/19/2007,137.207504,137.475784,130.538757,132.359253,118.26239,8621164
12/20/2007,132.608368,136.996719,132.608368,136.086472,121.592628,6920606
12/24/2007,139.315445,140.599365,137.399139,139.966995,125.059845,2576999
12/26/2007,141.040115,144.776917,139.890335,144.125366,128.775345,3848858
12/27/2007,144.872726,145.639252,140.158615,141.183838,126.147102,5734292
12/28/2007,140.273605,141.749161,131.841858,139.765778,124.880081,3951660
12/31/2007,142.573166,142.764801,140.465225,142.170746,127.028908,4297507
1/1/2008,142.189911,146.884857,141.23175,146.089584,130.53035,6914777
1/2/2008,146.95192,152.729584,144.297836,152.068466,135.872467,10611582
1/3/2008,153.304474,156.370575,149.481445,151.694778,135.538589,10581493
1/4/2008,153.304474,157.922775,147.77594,149.788055,133.83493,9271718
1/7/2008,150.046753,154.799194,146.214142,150.506668,134.477005,7606509
1/8/2008,151.388168,153.208664,146.674057,148.494553,132.679184,7345470
1/9/2008,146.980667,150.813278,144.489471,147.593887,131.874466,6054977
1/10/2008,150.046753,153.687744,142.592331,143.569641,128.278793,17651909
1/11/2008,149.46228,149.46228,141.068863,146.233307,130.658783,6703412
1/14/2008,146.578247,149.376053,145.428467,146.712387,131.086838,5100792
1/15/2008,149.031113,151.388168,145.380554,147.363937,131.668976,6430700
1/16/2008,143.722946,144.681107,139.94783,143.713364,128.407227,6286793
1/17/2008,143.722946,144.681107,139.957413,141.164673,126.129959,4588343
1/18/2008,141.164673,141.365891,135.348694,136.881744,122.303192,4087243
1/21/2008,136.824249,137.207504,122.097435,125.259338,111.918633,6548014
1/22/2008,121.685432,132.225113,101.660034,124.732353,111.447777,7404746
1/23/2008,130.308807,136.057724,122.45195,126.255821,112.808983,5487354
1/24/2008,128.967392,132.876663,123.601738,126.198334,112.757614,6015239
1/25/2008,127.836769,137.590775,127.817612,136.143951,121.643982,6360221
1/28/2008,135.099579,141.749161,128.392502,136.584702,122.037796,3236148
1/29/2008,137.993195,141.32756,134.333054,137.169189,122.560028,2645856
1/30/2008,138.72139,138.72139,131.5065,133.556946,119.332504,3410791
1/31/2008,135.866089,137.97403,131.573563,134.036026,119.760551,7490729
2/1/2008,135.674469,145.639252,135.291199,144.393661,129.01506,7390604
2/4/2008,146.597412,150.966583,144.489471,147.555557,131.84021,6396019
2/5/2008,147.555557,148.322083,142.764801,144.489471,129.100647,4576450
2/6/2008,140.647278,142.381531,134.639664,141.030533,126.010117,3378881
2/7/2008,141.806641,143.512161,133.767746,137.035034,122.440155,2758557
2/8/2008,137.399139,139.890335,133.576111,136.239777,121.729607,1502333
2/11/2008,135.540329,138.702225,131.266953,134.304306,120.000275,2940537
2/12/2008,134.304306,136.134384,131.966415,132.972473,118.810287,2793739
2/13/2008,134.141418,137.954865,134.141418,136.977554,122.388794,2951960
2/14/2008,138.75972,142.534836,138.271057,140.493973,125.530708,2920008
2/15/2008,138.93219,144.872726,137.015884,144.077469,128.732544,2858118
2/18/2008,138.750137,144.681107,138.750137,140.407745,125.453674,2200760
2/19/2008,141.806641,143.876251,140.867661,141.739578,126.643639,4935313
2/20/2008,141.576691,141.576691,134.141418,136.115219,121.618317,2447949
2/21/2008,137.015884,139.6987,134.754639,135.684052,121.233063,2500190
2/22/2008,135.770279,135.770279,132.225113,133.384476,119.178413,4069537
2/25/2008,134.160583,137.015884,133.183273,135.262451,120.856361,2521251
2/26/2008,136.057724,136.824249,134.170166,134.936691,120.565308,3714271
2/27/2008,135.118729,137.581192,135.099579,135.645721,121.198814,5043067
2/28/2008,135.099579,136.996719,134.783386,136.019394,121.5327,5802862
2/29/2008,136.019394,137.015884,131.516083,134.208496,119.914658,9128636
3/3/2008,134.208496,136.048141,131.266953,133.202423,119.015739,3717396
3/4/2008,134.716309,135.473251,131.918503,134.563004,120.231415,4478580
3/5/2008,134.716309,136.431412,134.141418,134.975006,120.599525,3383989
3/7/2008,134.352219,134.352219,126.092934,128.737442,115.026306,2986469
3/10/2008,128.871582,134.083923,117.210854,129.312332,115.539963,2751606
3/11/2008,129.350647,129.350647,124.579056,125.192268,111.858704,4872478
3/12/2008,128.200867,128.200867,122.31781,123.620895,110.454689,8750288
3/13/2008,122.643585,129.350647,117.689934,119.069672,106.388206,4636185
3/14/2008,119.577492,123.601738,119.577492,122.193253,109.179092,2572245
3/17/2008,119.769127,120.669785,114.42263,116.779686,104.342102,4033244
3/18/2008,116.779686,119.769127,114.403465,118.705574,106.062874,6948718
3/19/2008,121.321335,125.518044,121.110535,124.684448,111.404968,5817860
3/24/2008,124.933571,128.382919,124.933571,127.089417,113.553795,5568938
3/25/2008,128.392502,131.266953,128.392502,130.327972,116.447433,2908533
3/26/2008,132.225113,132.991638,124.761101,130.069275,116.216293,9343419
3/27/2008,128.392502,129.082367,120.411087,125.585114,112.209709,21297491
3/28/2008,125.326408,125.326408,121.321335,123.802948,110.617348,11992442
3/31/2008,122.835213,123.601738,118.303146,119.328377,106.619339,6071796
4/1/2008,119.769127,121.781242,117.900726,120.382339,107.56105,3258634
4/2/2008,123.02684,123.02684,120.918907,121.829155,108.853783,5036429
4/3/2008,122.643585,124.559891,118.820557,120.573975,107.732285,4592998
4/4/2008,120.72728,121.63752,115.649063,117.412071,104.907143,3799920
4/7/2008,117.852821,121.685432,117.709091,121.120117,108.220245,5597790
4/8/2008,121.70459,121.70459,119.194229,120.650627,107.800758,2530488
4/9/2008,119.194229,121.445892,119.002602,121.06263,108.168892,1844376
4/10/2008,118.810974,122.835213,118.619339,119.443352,106.722076,12419451
4/11/2008,121.493797,121.685432,118.715157,119.280464,106.57653,1673714
4/15/2008,118.236076,121.474632,115.419106,119.491257,106.76487,3418128
4/16/2008,120.72728,121.30217,117.182114,117.574951,105.052666,4550343
4/17/2008,119.002602,119.539169,117.757004,118.322311,105.720436,3572607
4/21/2008,118.810974,121.072212,118.810974,119.203812,106.508041,1883211
4/22/2008,119.769127,121.627937,118.427711,121.26384,108.348671,2685411
4/23/2008,121.30217,122.413628,121.158447,121.771667,108.802406,1415196
4/24/2008,122.260323,124.559891,119.510422,122.854378,109.769806,4902458
4/25/2008,123.812531,125.652184,121.714172,122.509445,109.461617,3172718
4/28/2008,123.419685,124.157463,120.152382,121.512962,108.571266,1729384
4/29/2008,121.87706,124.282028,121.014725,122.614838,109.555786,1437896
4/30/2008,123.19931,128.200867,123.19931,127.338531,113.77639,4623536
5/2/2008,128.028397,133.183273,128.028397,132.522141,118.407898,5075624
5/5/2008,134.141418,134.141418,128.200867,131.458588,117.457634,8766882
5/6/2008,130.883698,132.608368,129.063202,130.58667,116.678581,3871323
5/7/2008,130.58667,131.056168,127.664307,130.251312,116.378929,3044388
5/8/2008,130.308807,130.308807,126.524101,128.162537,114.512627,4259559
5/9/2008,129.350647,129.350647,126.667824,128.267944,114.606804,1974298
5/12/2008,130.308807,130.308807,126.715736,128.220032,114.563995,2305346
5/13/2008,129.321915,129.321915,125.038963,127.654724,114.058891,3985292
5/14/2008,126.476196,130.117172,126.476196,128.143387,114.495522,4547368
5/15/2008,129.235672,130.270477,125.144363,126.466614,112.997322,4621229
5/16/2008,126.092934,129.446472,126.092934,128.737442,115.026306,3070125
5/20/2008,128.679947,130.672913,126.504936,130.030945,116.182045,1838563
5/21/2008,129.350647,133.183273,127.865517,131.995163,117.937057,2364627
5/22/2008,129.350647,129.350647,125.901306,126.677406,113.185677,3720032
5/23/2008,127.434349,127.434349,121.072212,122.174088,109.161972,2128887
5/26/2008,121.972878,121.972878,118.427711,118.935532,106.268349,3436528
5/27/2008,119.194229,122.643585,117.948631,120.99556,108.108963,3041393
5/28/2008,120.72728,123.783783,117.134201,121.790825,108.819527,5394279
5/29/2008,120.535645,122.662743,111.193657,111.787712,99.881805,12390693
5/30/2008,114.211838,116.703033,109.631866,110.321739,98.57196,6173909
6/2/2008,111.145744,113.042892,106.584938,108.165894,96.645721,2904483
6/3/2008,107.198158,110.714577,106.584938,109.315674,97.673042,2604093
6/4/2008,114.786728,114.786728,102.541534,103.681732,92.63913,6661279
6/5/2008,103.681732,104.247047,100.701881,102.139107,91.260803,7580235
6/6/2008,103.863785,104.975243,101.180954,103.518852,92.493622,5212706
6/9/2008,103.480522,103.480522,96.706383,99.600006,88.992126,3099223
6/10/2008,97.827423,101.391747,97.022575,97.683701,87.279938,2960555
6/11/2008,99.034691,101.506729,95.33622,96.5914,86.303955,8614229
6/12/2008,95.671577,97.731606,91.407799,97.300438,86.937485,2954903
6/13/2008,99.734146,99.992844,96.83094,98.910133,88.37574,7333515
6/16/2008,98.114868,100.433594,97.539978,99.034691,91.135544,4343601
6/17/2008,99.034691,100.395271,98.689758,99.609589,91.664589,2217067
6/18/2008,100.222801,103.087677,98.756828,99.283813,91.364799,3794216
6/19/2008,96.821358,100.031174,96.25605,96.6968,88.984131,2301714
6/20/2008,97.175873,97.539978,92.615067,93.831924,86.347763,2832945
6/23/2008,93.831924,95.26915,91.982689,93.927734,86.435921,3005511
6/24/2008,93.898994,94.780495,91.120346,92.595901,85.21032,3272384
6/25/2008,92.749207,92.902512,87.383553,90.861649,83.614403,2821350
6/26/2008,92.365952,94.76133,88.772873,93.515732,86.056786,10557223
6/27/2008,89.299858,89.299858,83.359306,85.151054,78.359299,4251669
6/30/2008,82.592789,84.700722,77.629555,81.644218,75.132179,4001584
7/1/2008,81.251373,81.826263,77.859512,78.281097,72.037308,2213493
7/2/2008,80.178246,80.178246,73.202888,79.191345,72.874947,4673032
7/3/2008,77.993652,78.760178,73.442429,75.032959,69.048225,1756937
7/4/2008,74.927567,77.40918,74.352669,76.70015,70.582451,1874277
7/7/2008,75.119194,78.166122,74.352669,75.215012,69.215775,4312667
7/8/2008,73.796944,74.908401,71.574028,72.359711,66.588196,5827310
7/9/2008,73.394516,78.376915,73.394516,78.031982,71.808037,5647532
7/10/2008,77.227135,79.488373,75.425804,76.575584,70.467804,3602879
7/11/2008,77.61039,77.993652,75.147942,76.709724,70.59127,2825733
7/14/2008,76.613914,79.670418,75.933624,78.520638,72.257729,3183244
7/15/2008,77.993652,78.549385,74.601791,77.725372,71.525887,2273102
7/16/2008,77.725372,77.993652,73.681969,75.828232,69.780067,2591219
7/17/2008,78.568542,81.270538,76.90136,78.73143,72.451706,3602430
7/18/2008,83.349731,83.349731,78.951805,80.848946,74.400322,1314294
7/21/2008,80.848946,82.765259,78.951805,80.25489,73.853661,2499397
7/22/2008,82.976051,82.976051,77.30378,78.97097,72.672134,3870624
7/23/2008,83.359306,85.85051,81.443001,84.480347,77.742073,4265169
7/24/2008,84.528259,86.55954,83.071861,84.384537,77.653915,2082464
7/25/2008,81.299278,83.455124,79.009293,81.692123,75.176239,2790639
7/28/2008,81.826263,82.688606,80.686066,81.711288,75.193893,976107
7/29/2008,81.059746,83.359306,74.927567,75.952789,69.894699,2328699
7/30/2008,75.981529,81.998734,75.981529,79.68,73.324608,4506326
7/31/2008,82.401154,82.401154,75.215012,77.322945,71.155563,9794573
8/1/2008,77.0355,77.51458,75.444969,75.741997,69.700714,4142203
8/4/2008,75.741997,76.978012,74.592209,76.077347,70.009315,2428453
8/5/2008,76.652237,79.047623,75.751572,78.309845,72.063751,4797255
8/6/2008,80.427361,83.359306,80.082428,82.257431,75.696465,4069324
8/7/2008,82.209526,86.080467,80.484848,85.5439,78.720802,6145850
8/8/2008,83.378471,85.467247,81.634636,84.451607,77.715637,6702864
8/11/2008,87.13443,87.57518,84.317467,85.840927,78.994148,3817605
8/12/2008,86.233772,86.233772,82.813164,83.579681,76.913261,2594121
8/13/2008,85.218124,85.218124,81.682541,83.014374,76.393036,2046473
8/14/2008,81.979568,83.685081,81.443001,82.784416,76.181412,2521971
8/18/2008,83.301819,83.301819,78.894318,81.500496,74.999908,4028166
8/19/2008,80.456108,81.443001,79.526695,80.848946,74.400322,2320767
8/20/2008,80.484848,82.592789,80.101593,81.395096,74.902916,1876114
8/21/2008,82.496971,85.27562,78.951805,79.670418,73.315804,5629706
8/22/2008,79.670418,83.646759,78.568542,81.893333,75.36142,2605773
8/25/2008,82.803581,85.074402,80.551926,83.110191,76.481209,5912082
8/26/2008,80.781876,83.301819,80.12075,82.956886,76.340134,4238775
8/27/2008,83.646759,84.125832,80.312386,81.030998,74.567863,3899993
8/28/2008,81.443001,82.209526,78.099052,79.61293,73.262894,6955261
8/29/2008,80.101593,85.083984,80.044098,84.394112,77.662727,4826890
9/1/2008,83.359306,84.298302,82.017899,83.886292,77.195404,2425312
9/2/2008,84.700722,85.218124,81.510078,82.362831,75.793465,6325623
9/4/2008,80.868111,83.876717,79.929123,81.883759,75.3526,6197674
9/5/2008,80.484848,81.059746,79.929123,80.494431,74.074081,8668339
9/8/2008,85.793022,85.793022,82.688606,83.637177,76.966156,7849017
9/9/2008,84.088074,84.276054,81.347466,83.217407,76.57988,5375116
9/10/2008,82.712822,83.405396,82.05983,83.029427,76.406898,3206912
9/11/2008,82.910698,84.47393,81.723434,83.929771,77.23542,3729644
9/12/2008,84.097961,84.889473,79.942535,81.753113,75.232368,5107031
9/15/2008,81.753113,81.753113,76.182861,77.261292,71.098839,4758947
9/16/2008,74.401962,79.744659,72.27478,78.92347,72.628426,3924507
9/17/2008,80.734047,83.108574,79.151024,82.673248,76.079117,4282961
9/18/2008,82.119186,83.405396,74.451431,82.326958,75.760452,2588216
9/19/2008,84.493721,86.27462,82.81176,83.761574,77.080627,7938989
9/22/2008,84.097961,85.008202,81.367256,82.178551,75.623886,4120987
9/23/2008,76.53904,83.029427,76.53904,77.904396,71.690628,5497950
9/24/2008,77.96376,79.546783,75.925621,76.677559,70.561653,6604220
9/25/2008,77.172249,77.172249,75.183578,75.984985,69.924316,8228876
9/26/2008,75.984985,75.984985,72.245102,74.115044,68.203522,2800676
9/29/2008,70.296005,78.072594,68.90097,70.167381,64.570732,3711138
9/30/2008,69.257149,70.385048,67.139854,68.050095,62.622326,8033447
10/1/2008,68.267761,69.257149,66.506645,67.209114,61.848427,6886025
10/3/2008,69.197784,69.197784,64.310211,65.398537,60.182259,2658916
10/6/2008,64.686172,70.968788,61.549816,62.133556,57.177704,7169266
10/7/2008,65.260017,65.260017,62.133556,62.648037,57.651142,4383286
10/8/2008,62.648037,63.122944,58.373882,59.353374,54.619267,9772330
10/10/2008,58.373882,59.343479,52.081375,57.849506,53.235355,7022943
10/13/2008,59.36327,60.946289,58.255154,59.224754,54.500904,7939454
10/14/2008,61.282681,62.331432,58.393669,59.254436,54.528225,6979325
10/15/2008,58.868576,60.154778,55.277096,55.900414,51.441723,5314134
10/16/2008,54.416328,55.366142,47.490616,49.667267,45.705738,10900649
10/17/2008,51.448166,52.437553,47.490616,48.173294,44.330925,6792371
10/20/2008,49.489178,51.240395,45.937275,48.282124,44.431076,6457346
10/21/2008,49.865147,50.438992,48.084248,49.024166,45.113934,8658525
10/22/2008,45.521732,52.318829,44.522453,45.165554,41.563091,4313354
10/23/2008,41.880787,47.233376,37.695675,38.506973,35.4356,10583786
10/24/2008,37.962811,38.506973,31.66041,32.174892,29.60858,11747895
10/27/2008,32.27383,35.162842,25.921961,27.70286,25.493242,16688870
10/29/2008,31.66041,34.391121,28.296492,31.620834,29.098715,13680934
10/31/2008,32.649799,34.82645,31.670303,33.55014,30.874136,16162286
11/3/2008,36.369896,40.525326,35.420086,37.685783,34.679913,24472349
11/4/2008,36.508411,39.169865,35.123268,38.378353,35.317242,18207592
11/5/2008,39.56562,40.327446,34.885815,36.053291,33.177635,19110433
11/6/2008,35.014435,35.02433,30.097178,31.165716,28.679897,25722612
11/7/2008,31.264654,32.234257,29.681635,31.215185,28.725422,19913839
11/10/2008,31.670303,33.936001,31.462532,33.738125,31.047125,12600392
11/11/2008,33.243431,33.441307,30.28516,30.552296,28.1154,11119663
11/12/2008,29.948769,30.8689,28.741716,29.770679,27.39613,13470157
11/14/2008,30.8689,30.8689,26.861879,27.148802,24.983374,16948485
11/17/2008,27.70286,28.276705,25.743872,27.890842,25.666233,13340062
11/18/2008,27.168589,29.088001,26.71347,27.445618,25.256519,15864961
11/19/2008,27.70286,28.276705,26.317717,26.604637,24.482615,10552176
11/20/2008,25.684507,26.060474,24.734695,24.972149,22.980335,8658010
11/21/2008,25.140345,26.614532,24.69512,26.317717,24.21858,7291261
11/24/2008,26.317717,27.406042,25.367903,26.377079,24.273207,7752814
11/25/2008,27.70286,27.70286,26.218777,26.881666,24.737547,7365246
11/26/2008,27.485193,27.999676,26.911348,27.782009,25.566076,8412191
11/27/2008,27.782009,27.782009,27.782009,27.782009,25.566076,0
11/28/2008,27.70286,27.782009,26.288034,27.089437,24.928749,10186025
12/1/2008,27.406042,27.406042,26.07037,26.248459,24.154846,6647201
12/2/2008,24.95236,26.040688,24.784164,25.447054,23.417364,9977063
12/3/2008,26.71347,26.71347,25.605356,26.367186,24.264105,8845110
12/4/2008,26.911348,30.41378,25.941748,29.869617,27.487177,13639545
12/5/2008,30.077389,31.581259,29.582697,30.304949,27.887785,13116651
12/8/2008,31.422956,33.243431,29.72121,30.097178,27.696583,10785942
12/10/2008,30.710598,33.98547,28.890123,32.343086,29.763355,21140425
12/11/2008,33.045551,34.222923,31.284443,31.78903,29.253496,15391684
12/12/2008,30.671022,30.799643,29.058319,30.344524,27.924204,10331661
12/15/2008,31.056883,32.293617,30.888687,31.294336,28.798258,8860266
12/16/2008,31.264654,33.16428,30.522614,32.639904,30.036499,13761686
12/17/2008,33.045551,33.599609,31.66041,32.105633,29.544846,11386955
12/18/2008,32.392555,35.113373,31.561472,34.361439,31.620724,12739776
12/19/2008,34.232819,36.854694,33.85685,35.410191,32.585827,18551617
12/22/2008,35.420086,37.972706,35.420086,37.171299,34.206467,13183697
12/23/2008,36.409473,36.607349,33.846958,34.509846,31.757296,11248000
12/24/2008,33.668865,33.936001,31.264654,31.581259,29.062298,12044149
12/26/2008,32.649799,32.748737,30.532509,30.809536,28.352127,7852006
12/29/2008,30.76996,30.76996,28.613094,29.473864,27.122988,11970513
12/30/2008,29.701422,31.145927,29.701422,30.928263,28.461384,9033550
12/31/2008,31.462532,32.254044,30.928263,31.630728,29.107817,10816092
1/2/2009,34.430695,36.092869,33.757912,34.836346,32.057747,18566132
1/5/2009,36.607349,36.607349,34.638466,35.311253,32.494781,13382037
1/6/2009,35.608067,37.388966,34.737408,36.894272,33.951538,18622646
1/7/2009,37.398857,37.398857,33.451202,34.460377,31.711769,8271220
1/9/2009,35.617962,35.617962,31.106354,32.798206,30.182177,11836652
1/12/2009,33.025764,33.213749,30.938156,31.957226,29.408276,10096591
1/13/2009,31.957226,32.056164,30.116964,30.690809,28.242868,7339098
1/14/2009,31.264654,31.561472,30.275267,30.938156,28.470488,8309400
1/15/2009,30.25548,30.572083,28.692245,29.810255,27.43255,11152057
1/16/2009,30.651234,30.651234,29.602484,30.265373,27.851366,7452421
1/19/2009,30.473145,30.64134,29.226517,29.701422,27.332396,6035166
1/20/2009,29.701422,29.701422,28.712034,28.840654,26.540287,5383440
1/21/2009,29.088001,29.661846,27.326891,27.683071,25.475031,11103345
1/22/2009,28.059038,28.276705,26.080263,26.297928,24.200369,15539487
1/23/2009,26.71347,27.653389,25.773552,26.723366,24.591875,9700493
1/27/2009,27.643496,28.08872,26.941031,27.772116,25.556973,4834908
1/28/2009,28.326174,29.384817,28.068932,29.018744,26.704172,8164422
1/29/2009,30.572083,30.8689,28.514156,30.087282,27.687481,9830134
1/30/2009,29.622271,29.879513,28.692245,29.612377,27.250452,8504243
2/2/2009,29.295773,29.295773,27.70286,28.444901,26.176096,5779624
2/3/2009,29.226517,29.226517,26.119839,26.35729,24.254997,16341049
2/4/2009,27.307104,27.307104,26.218777,26.802517,24.664711,10923557
2/5/2009,25.981323,26.208883,25.565781,25.941748,23.872601,10668399
2/6/2009,26.119839,27.643496,26.119839,27.208164,25.038006,9797715
2/9/2009,27.70286,28.514156,27.287315,28.019463,25.784594,6143576
2/10/2009,28.49437,28.49437,27.030075,27.34668,25.16547,9585786
2/11/2009,27.010286,27.307104,26.416655,26.931135,24.783073,8138658
2/12/2009,26.693684,27.386255,26.515593,26.970713,24.819492,8962486
2/13/2009,27.34668,27.663282,26.970713,27.257633,25.083527,14382782
2/16/2009,27.564344,28.266809,26.71347,26.960817,24.810387,10775703
2/17/2009,26.693684,26.81241,25.644932,25.882385,23.817972,7999158
2/18/2009,25.724083,26.614532,25.328327,26.377079,24.273207,5441339
2/19/2009,26.020899,27.010286,25.823023,26.624426,24.500826,4428000
2/20/2009,26.317717,26.693684,25.803234,26.466124,24.355148,6335857
2/24/2009,26.416655,26.495806,25.733976,26.139626,24.054693,7845133
2/25/2009,26.71347,27.890842,26.476019,27.722647,25.51145,14238329
2/26/2009,28.08872,30.057602,27.425831,29.67174,27.305082,33084432
2/27/2009,30.077389,31.017307,28.741716,29.543119,27.18672,29194815
3/2/2009,28.909912,30.453358,28.355856,28.801079,26.503864,19317783
3/3/2009,29.285879,29.632166,27.791904,28.068932,25.830114,13379596
3/4/2009,28.632883,29.226517,27.564344,28.316278,26.057734,12455939
3/5/2009,28.890123,29.13747,27.326891,27.574238,25.37488,16985563
3/6/2009,26.743153,27.594027,26.743153,27.435724,25.247414,12457051
3/9/2009,27.70286,27.900736,26.753046,27.039968,24.883224,8588239
3/12/2009,27.683071,29.048426,27.554449,28.900019,26.594913,15098725
3/13/2009,29.879513,32.45192,29.879513,31.996801,29.444693,26312432
3/16/2009,32.402451,33.500671,32.254044,32.986191,30.355167,22010767
3/17/2009,32.847675,34.272392,32.095741,34.015152,31.302061,23166774
3/18/2009,34.430695,35.855415,34.272392,34.905602,32.121483,23416444
3/19/2009,35.558598,36.389683,33.381947,33.975578,31.26564,23153317
3/20/2009,33.629292,34.401012,31.502108,31.838499,29.299017,36484651
3/23/2009,32.649799,34.31197,32.263939,32.877357,30.255018,45492226
3/24/2009,33.738125,34.015152,31.91765,32.14521,29.581266,39312875
3/25/2009,31.858288,32.45192,30.690809,31.729668,29.198862,29282253
3/26/2009,32.45192,35.697113,31.472425,34.806664,32.030437,49369391
3/27/2009,34.628574,38.190369,33.896427,37.37907,34.397667,47925827
3/30/2009,36.607349,36.963528,33.391838,34.034943,31.320272,30647314
3/31/2009,33.639187,36.745865,33.639187,35.677326,32.831654,32462351
4/1/2009,36.013718,36.508411,34.668148,35.617962,32.777023,37300494
4/2/2009,36.369896,41.227791,36.112656,40.297768,37.083557,70321074
4/6/2009,41.297047,42.434841,40.376919,41.564182,38.248959,35557734
4/8/2009,39.575512,44.621391,38.98188,44.235531,40.707241,49746321
4/9/2009,45.10619,47.431252,43.374763,44.878632,41.299049,38229791
4/13/2009,45.313961,51.369015,45.313961,49.894829,45.91515,28162379
4/15/2009,49.677162,58.354092,47.589554,55.702534,51.259621,60654288
4/16/2009,56.375317,58.156216,47.312527,47.777538,43.966732,69763178
4/17/2009,48.509686,51.230499,45.125977,46.659531,42.937904,44308863
4/20/2009,45.729504,49.449604,45.719612,48.658092,44.777054,32963949
4/21/2009,47.174011,48.24255,45.195236,46.164837,42.48267,32636671
4/22/2009,46.283562,47.639023,45.224918,46.036217,42.364307,20865023
4/23/2009,46.501228,49.093422,45.759186,48.559155,44.686012,24990892
4/24/2009,48.509686,50.557716,46.214306,50.171856,46.170078,39928781
4/27/2009,51.05241,51.418484,47.886372,49.281406,45.350651,29366123
4/28/2009,49.073635,49.627693,45.412903,46.006535,42.33699,19212117
4/29/2009,46.51112,48.667988,43.9585,48.24255,44.394661,37376748
4/30/2009,48.24255,48.24255,48.24255,48.24255,44.394661,0
5/4/2009,49.508965,51.646046,48.915333,51.12167,47.044132,24954031
5/5/2009,51.923073,54.940704,50.280689,53.694077,49.411366,35317404
5/6/2009,54.020576,54.693359,51.843922,52.407871,48.227745,20888815
5/7/2009,52.437553,55.108902,52.437553,53.812801,49.520618,25345505
5/8/2009,53.812801,54.376755,51.665833,53.169701,48.928818,17586470
5/11/2009,53.822697,54.020576,49.884933,50.913898,46.852943,15047496
5/12/2009,50.458778,53.308216,48.776817,52.872887,48.65567,23166658
5/13/2009,53.179596,53.822697,51.50753,52.981716,48.755829,14244439
5/14/2009,51.398697,51.923073,50.082809,51.418484,47.317276,11427192
5/15/2009,51.834026,54.416328,51.685619,52.487022,48.300591,16619837
5/18/2009,56.395107,62.331432,56.395107,59.62051,54.865101,62417
5/19/2009,63.32082,63.32082,53.644608,60.491173,55.666313,32316654
5/20/2009,60.224037,74.085358,59.590828,71.879028,66.145866,59640303
5/21/2009,70.246536,74.184296,68.920753,70.731339,65.089706,43724411
5/22/2009,70.335579,72.779366,66.902405,68.416168,62.959198,24219097
5/25/2009,68.861389,69.850777,67.040916,68.406273,62.950096,15492615
5/26/2009,68.465637,69.168098,63.716576,64.428932,59.289989,15125843
5/27/2009,65.299599,68.762451,65.299599,68.040199,62.613209,16074864
5/28/2009,68.069885,69.197784,64.903839,65.863548,60.610184,29236209
5/29/2009,67.159645,69.652901,65.299599,66.65506,61.338554,42734541
6/1/2009,68.980118,68.980118,65.962486,66.645164,61.329453,19568822
6/2/2009,68.762451,70.424622,66.486862,69.148315,63.632957,25041590
6/3/2009,70.503777,74.936234,70.444412,71.69104,65.972862,36014901
6/4/2009,69.801308,74.00621,69.801308,73.026718,67.202011,17939092
6/5/2009,73.214699,79.883171,72.818947,77.013947,70.871201,38912198
6/8/2009,78.122063,79.724869,71.542633,72.25499,66.491837,25536305
6/9/2009,71.958176,73.551086,69.455025,72.83873,67.029015,22422632
6/10/2009,74.204086,75.767319,70.246536,71.493164,65.790771,18384095
6/11/2009,71.681145,75.193474,69.771629,73.046501,67.220222,23901663
6/12/2009,73.808334,74.164513,69.910141,70.691757,65.053291,18663884
6/15/2009,69.652901,70.177277,66.427498,67.812637,62.403812,14540294
6/16/2009,66.288986,70.02887,65.517258,69.247253,63.723999,13995143
6/17/2009,69.257149,69.830994,62.895386,64.092545,58.980434,16960492
6/18/2009,63.5187,66.486862,63.122944,65.200661,60.000168,20661892
6/19/2009,66.625374,68.841606,65.913017,68.376595,62.922794,13720655
6/22/2009,69.850777,69.850777,65.537048,66.00206,60.737652,11337414
6/23/2009,63.637424,68.663513,63.637424,67.753281,62.349194,20868601
6/24/2009,68.475533,71.235924,67.713699,70.691757,65.053291,24035488
6/25/2009,71.493164,72.185738,66.288986,66.744102,61.420509,39625725
6/26/2009,67.47625,68.149033,65.022568,67.327843,61.957695,15339940
6/29/2009,67.080498,67.278374,61.747692,62.113766,57.159485,39223814
6/30/2009,62.331432,62.88549,56.968952,57.532902,52.943996,51356852
7/1/2009,57.839611,60.233929,57.384495,59.29401,54.56464,25494678
7/2/2009,60.154778,60.352657,56.61277,58.245262,53.599541,22332036
7/3/2009,58.373882,60.115204,56.988739,59.521572,54.774052,20092570
7/6/2009,60.154778,60.886925,55.188053,55.979565,51.514553,19515567
7/7/2009,56.197227,56.790859,53.624821,55.484867,51.059319,23384732
7/8/2009,55.009964,57.88908,53.426941,55.66296,51.223209,28135999
7/9/2009,55.33646,56.197227,52.5266,53.921635,49.620773,21793405
7/10/2009,54.6241,56.543514,52.635433,53.535774,49.26569,21867324
7/13/2009,53.209278,53.387367,50.280689,51.972542,47.827137,13198899
7/14/2009,53.387367,54.594421,52.833309,53.882061,49.584354,16576366
7/15/2009,54.416328,57.552689,53.921635,57.097572,52.543396,15960596
7/16/2009,58.373882,61.02544,57.978127,58.710274,54.027466,26004772
7/17/2009,59.36327,62.925064,59.343479,62.489735,57.505466,22156478
7/20/2009,63.32082,65.299599,61.173847,64.893944,59.717915,19336653
7/21/2009,65.319382,66.56601,62.88549,64.725754,59.563133,23465029
7/22/2009,65.398537,67.298157,63.32082,64.320099,59.189842,18077344
7/23/2009,66.07132,67.773064,65.299599,67.347626,61.975883,16448752
7/24/2009,67.773064,74.718567,67.347626,73.778648,67.893959,42526599
7/27/2009,73.907272,76.776497,70.563141,74.025993,68.121582,37495367
7/28/2009,76.578613,84.058388,75.984985,81.99057,75.45089,78418581
7/29/2009,80.536171,80.931923,75.282516,77.815353,71.608696,42570338
7/30/2009,77.132675,79.744659,76.242226,78.250687,72.009308,24731535
7/31/2009,80.140411,84.097961,79.220284,83.415283,76.761971,48059147
8/3/2009,83.702209,85.87886,82.416008,85.324806,79.652901,31129430
8/4/2009,73.650032,92.883728,73.650032,87.67955,81.851112,79319992
8/5/2009,87.264008,90.380577,86.472496,88.985542,83.07029,45982352
8/6/2009,88.451271,89.618752,82.138977,82.791969,77.288429,34493839
8/7/2009,97.434914,97.434914,79.151024,82.05983,76.604965,47163391
8/10/2009,83.306458,84.078178,77.993439,79.912857,74.6007,40260749
8/11/2009,80.209671,86.353767,77.805458,85.186295,79.52359,57247424
8/12/2009,81.436508,89.183418,81.436508,88.698616,82.802444,52092762
8/13/2009,89.361511,93.912689,88.253395,93.60598,87.383575,48681112
8/14/2009,94.209511,94.209511,91.102829,92.507759,86.358368,41238580
8/17/2009,88.283073,91.221558,85.502892,86.20536,80.474922,25516126
8/18/2009,86.650581,88.362228,83.573586,87.076019,81.287689,37892304
8/19/2009,87.461884,87.461884,84.127647,85.027992,79.375809,23867960
8/20/2009,86.235039,87.066132,84.21669,84.86969,79.228035,20230201
8/21/2009,83.702209,86.432922,82.623779,85.651306,79.957703,23765397
8/24/2009,87.066132,91.360069,86.729736,90.79612,84.760506,24921587
8/25/2009,89.638535,97.583321,89.272461,97.029266,90.579308,45981043
8/26/2009,96.960007,100.066681,95.426453,98.879417,92.30648,37472782
8/27/2009,97.63279,98.14727,95.614441,96.188286,89.79422,25007837
8/28/2009,96.307014,97.919716,94.268875,97.049049,90.597786,24884341
8/31/2009,95.386879,97.949394,94.100677,96.900642,90.459236,27353793
9/1/2009,97.237038,103.470177,94.348022,102.10482,95.317467,60261465
9/2/2009,98.938782,104.16275,97.474487,102.926018,96.084076,40391895
9/3/2009,103.489967,104.964157,100.284348,100.976921,94.264549,24999766
9/4/2009,101.135223,102.223549,98.256104,100.581169,93.895111,30387992
9/7/2009,100.976921,114.106094,100.779045,111.998703,104.553665,53450450
9/8/2009,113.373955,113.779602,108.169769,111.949234,104.507492,51927806
9/9/2009,110.81144,111.602943,108.4468,110.227699,102.900391,23239016
9/10/2009,110.801544,114.313866,110.296951,111.335815,103.934837,30166416
9/11/2009,110.821327,112.394455,106.685692,108.892021,101.653496,21292247
9/14/2009,104.568398,112.157005,104.568398,111.662308,104.239647,25785196
9/15/2009,111.602943,113.581718,111.276451,112.602226,105.117065,17218723
9/16/2009,113.779602,120.507439,112.809998,119.666458,111.711716,45000397
9/17/2009,119.715927,122.634621,118.261528,119.864334,111.896431,31315278
9/18/2009,118.924416,120.042427,116.955536,118.706749,110.815796,20979624
9/22/2009,118.617706,122.862183,116.955536,121.665024,113.577431,24998629
9/23/2009,121.872795,122.644516,119.755501,120.299667,112.302834,15119930
9/24/2009,118.72654,120.833939,117.638214,119.527946,111.582405,22624707
9/25/2009,118.72654,119.518051,116.767548,117.430443,109.624336,14885057
9/29/2009,117.756943,120.111679,116.648827,117.18309,109.393433,8382006
9/30/2009,117.737152,118.221954,115.382408,116.975319,109.199471,15671953
10/1/2009,117.697578,117.925133,114.185249,114.749199,107.12133,11626189
10/5/2009,97.949394,113.858749,97.949394,111.494118,104.082619,10548098
10/6/2009,112.176788,112.750633,105.646835,110.41568,103.075867,26216731
10/7/2009,111.405067,113.581718,109.723106,110.475044,103.131287,12916471
10/8/2009,110.831223,118.72654,110.831223,116.599358,108.848495,28045291
10/9/2009,117.756943,118.518768,107.051765,107.971893,100.794533,36527713
10/12/2009,108.516052,109.970459,106.656006,108.496269,101.284058,18437390
10/13/2009,108.496269,108.496269,108.496269,108.496269,101.284058,0
10/14/2009,109.624168,114.917397,109.624168,113.730133,106.169991,32280491
10/15/2009,116.975319,116.975319,111.82061,113.433311,105.892906,21373342
10/16/2009,113.136497,115.184532,109.624168,114.63047,107.010483,15351108
10/20/2009,112.829788,117.143517,110.019928,114.739304,107.112083,20056017
10/21/2009,114.145676,114.670052,108.832657,109.792366,102.493996,14679243
10/22/2009,109.584595,109.782471,106.022797,107.150703,100.027939,18224739
10/23/2009,108.832657,109.376823,103.994553,104.736595,97.774307,25677160
10/26/2009,105.656723,109.574699,102.599518,106.735161,99.640022,42256644
10/27/2009,105.864494,111.56337,105.864494,108.506165,101.293289,60224189
10/28/2009,108.634781,113.077133,107.348579,111.217087,103.824013,46468880
10/29/2009,109.822044,111.602943,105.56768,109.871521,102.567879,51665503
10/30/2009,111.543587,113.759811,109.248199,112.246048,104.784569,32857130
11/3/2009,111.504005,114.709625,108.476479,109.297676,102.032188,25183329
11/4/2009,111.602943,113.581718,107.684975,112.829788,105.329514,25252857
11/5/2009,112.790215,114.531532,110.099075,113.838966,106.271606,20257410
11/6/2009,115.758377,116.50042,111.850296,112.780319,105.283325,25210907
11/9/2009,113.561935,115.362617,111.761246,114.907501,107.269096,16221101
11/10/2009,115.560501,120.052315,114.63047,117.460121,109.652046,33012464
11/11/2009,117.935028,124.662865,117.935028,123.000694,114.82431,33805130
11/12/2009,122.693985,125.949074,121.397888,122.515892,114.371727,29998570
11/13/2009,122.486214,123.970291,121.368202,122.674194,114.519516,14861315
11/16/2009,123.079842,126.64164,122.881966,125.622574,117.271896,14593185
11/17/2009,125.652252,127.037399,121.902473,123.980186,115.738686,21369810
11/18/2009,123.673477,128.590729,123.52507,127.917953,119.414696,18345318
11/19/2009,128.026779,129.985779,125.078407,126.067795,117.687523,17495626
11/20/2009,125.533524,128.026779,121.79364,127.017609,118.574203,15135040
11/23/2009,127.908058,129.19426,126.740578,128.115829,119.599419,10938248
11/24/2009,128.036682,131.291763,127.640923,128.63031,120.079697,18887649
11/25/2009,127.729965,130.005554,126.89888,127.502411,119.026772,11678261
11/26/2009,128.224655,128.580841,120.853722,125.325752,116.994804,36348981
11/27/2009,126.64164,126.64164,120.705315,124.514458,116.23745,18714274
11/30/2009,126.206314,131.944763,124.880531,131.222504,122.499573,21438711
12/1/2009,135.110794,140.037949,132.201996,139.107925,129.860825,29735953
12/2/2009,139.899445,147.211014,139.899445,145.04425,135.402542,45129977
12/3/2009,146.122681,146.122681,139.088135,139.859863,130.562759,22038961
12/4/2009,136.535522,142.452057,136.535522,140.404022,131.070755,15958757
12/7/2009,139.701569,143.233673,138.534088,139.305801,130.045547,14578438
12/8/2009,137.554596,143.461227,137.554596,143.164413,133.647659,17097708
12/9/2009,142.471848,144.232956,141.541824,142.37291,132.908768,11658117
12/10/2009,142.768661,143.233673,140.690948,141.136169,131.754242,11966869
12/11/2009,142.244293,143.659119,139.701569,140.869034,131.504883,11618431
12/14/2009,140.493073,142.471848,139.91922,140.601898,131.255493,10189184
12/15/2009,140.097321,141.917786,135.763794,136.278275,127.219269,15835236
12/16/2009,135.447189,141.076813,135.447189,140.404022,131.070755,23258422
12/17/2009,140.869034,142.056305,139.276123,140.928406,131.560303,14688911
12/18/2009,140.928406,146.41951,140.710739,145.232239,135.578018,22469601
12/21/2009,145.83577,148.190506,143.203995,143.886673,134.321899,13163452
12/22/2009,145.212448,145.825867,142.550995,143.609634,134.063293,9152598
12/23/2009,144.074661,148.566483,143.659119,147.705704,137.88707,12325434
12/24/2009,148.032211,155.897842,147.814545,154.304932,144.047638,24521152
12/29/2009,155.333893,156.877335,152.563599,155.541656,145.202133,14875284
12/30/2009,153.355118,157.649063,153.355118,155.551559,145.21138,15049219
12/31/2009,156.333176,158.2229,154.562164,156.62999,146.218109,27676037
1/4/2010,156.303482,164.040497,156.184769,163.535919,152.664963,27906448
1/5/2010,162.259598,167.147186,153.246277,160.686478,150.004974,23669317
1/6/2010,162.200241,162.932388,159.311234,160.933823,150.235855,14990820
1/7/2010,161.17128,161.923218,154.344498,155.432831,145.10054,22722030
1/8/2010,156.323273,159.251862,155.343781,156.283707,145.894852,16495776
1/11/2010,158.104172,158.104172,154.789719,156.352951,145.959488,11776347
1/12/2010,155.927521,157.70842,154.552277,155.591125,145.248322,10657130
1/13/2010,155.333893,157.193939,152.781265,155.32399,144.998917,17659374
1/14/2010,155.531769,156.778397,154.255447,154.769943,144.48172,8626217
1/15/2010,154.938126,158.994629,153.355118,157.748001,147.26181,18955837
1/18/2010,157.045532,161.01297,155.383362,160.44902,149.783264,18756613
1/19/2010,160.874466,162.022156,158.707703,159.627838,149.016708,11559642
1/20/2010,160.280823,160.755737,158.114075,159.28154,148.693405,10185363
1/21/2010,158.242691,159.024307,154.40387,154.888657,144.592545,9291983
1/22/2010,150.861862,155.828583,149.199677,153.958633,143.72435,12698513
1/25/2010,153.988327,154.938126,150.386948,152.098587,141.98793,8448704
1/27/2010,148.803925,150.861862,140.73053,142.066193,132.622452,16092885
1/28/2010,143.461227,145.370758,138.959518,140.710739,131.357086,27120072
1/29/2010,139.503677,140.849243,132.874786,137.396286,128.26297,20899408
2/1/2010,136.080399,143.134735,134.23024,142.442169,132.973434,24102055
2/2/2010,144.450623,146.429398,139.51358,140.384232,131.052307,21818956
2/3/2010,141.482452,143.856995,140.364456,142.778564,133.287445,11665708
2/4/2010,142.669724,143.461227,135.763794,136.456375,127.385536,14364089
2/5/2010,132.577972,134.259933,130.233124,133.013306,124.171333,22246872
2/6/2010,null,null,null,null,null,null
2/8/2010,133.577255,136.11998,125.404907,133.221069,124.365295,17350173
2/9/2010,131.638046,136.139771,131.400604,133.834488,124.937935,13384786
2/10/2010,135.546127,137.327026,131.984329,132.5186,123.709526,13442883
2/11/2010,133.567352,136.911484,133.280441,136.100189,127.053017,10099224
2/15/2010,137.307236,138.989197,134.655685,135.180054,126.194054,12144363
2/16/2010,135.96167,140.295197,135.546127,139.137604,129.888504,10227647
2/17/2010,140.493073,142.867599,140.107208,140.789886,131.431,12520479
2/18/2010,141.383514,142.452057,139.206863,140.463394,131.126205,11860551
2/19/2010,139.305801,140.374344,136.021042,138.474716,129.269699,12664376
2/22/2010,140.493073,141.423096,138.820999,139.51358,130.239487,8688478
2/23/2010,138.316422,140.869034,137.524902,138.454926,129.251221,13054284
2/24/2010,136.931274,138.18779,133.567352,135.437302,126.434181,15428009
2/25/2010,136.139771,136.139771,130.866333,132.063492,123.28466,23716569
2/26/2010,131.588577,142.600464,131.588577,140.73053,131.375549,27928931
3/2/2010,142.471848,159.805923,142.471848,157.916183,147.418808,49889228
3/3/2010,160.280823,161.062439,157.352234,160.132416,149.487701,34628599
3/4/2010,160.063156,164.179016,158.13385,160.874466,150.18045,36989165
3/5/2010,161.863846,161.863846,156.659668,157.164261,146.716888,27008963
3/8/2010,158.302048,161.68576,156.946594,157.837036,147.34494,20424255
3/9/2010,155.333893,155.333893,150.980576,153.562881,143.354904,57668210
3/10/2010,153.948746,156.877335,153.444153,154.097153,143.853622,22771045
3/11/2010,154.344498,154.89856,151.722626,152.44487,142.311203,13225081
3/12/2010,152.959351,154.156509,150.159393,150.565033,140.556305,18038608
3/15/2010,149.397568,153.493622,148.803925,152.187637,142.071075,17543044
3/16/2010,152.959351,155.99678,152.781265,155.541656,145.202133,14401329
3/17/2010,156.283707,157.461075,153.948746,154.443436,144.17691,18807902
3/18/2010,154.878769,156.125397,153.196808,154.40387,144.139984,10309081
3/19/2010,153.454056,155.620804,153.355118,155.066757,144.75882,9961296
3/22/2010,153.75087,154.987595,150.109924,150.426529,140.427017,15177582
3/23/2010,150.386948,152.059021,145.637894,146.290878,136.566284,24082386
3/25/2010,147.418793,149.001801,141.334045,143.500809,133.96167,44001415
3/26/2010,144.747437,149.753738,144.134018,148.358704,138.496658,39431276
3/29/2010,149.021591,150.28801,145.449905,146.548126,136.806442,26307691
3/30/2010,147.399002,150.3078,146.548126,149.585541,139.641953,27946856
3/31/2010,149.991196,151.673157,148.64563,149.931824,139.96521,16156899
4/1/2010,150.386948,154.344498,150.386948,153.879486,143.650452,20006815
4/5/2010,154.967819,155.927521,149.595444,154.631424,144.352417,16111998
4/6/2010,155.314102,155.511978,152.068909,153.18692,143.003922,11920952
4/7/2010,153.345215,157.906296,153.25618,157.381927,146.920059,20079249
4/8/2010,157.510544,157.70842,152.246994,153.958633,143.72435,11364522
4/9/2010,155.333893,161.141602,154.344498,160.211563,149.5616,29347237
4/12/2010,160.270935,160.270935,153.968536,154.552277,144.278534,29781931
4/13/2010,154.938126,155.670273,150.604614,153.295746,143.105515,49489395
4/15/2010,154.344498,157.787567,152.761475,153.424377,143.225601,30353385
4/16/2010,153.355118,156.214447,153.216599,155.284424,144.96199,17014035
4/19/2010,151.623688,154.24556,151.059738,153.513412,143.308716,18251422
4/20/2010,153.75087,158.074493,153.75087,156.788284,146.365891,21190375
4/21/2010,157.154358,160.676575,153.384796,160.162094,149.515427,24958473
4/22/2010,159.667404,169.125961,158.499924,165.55426,154.549149,53118709
4/23/2010,165.821396,167.899109,163.743683,167.097702,155.98999,28966138
4/26/2010,167.602295,170.333008,165.227768,168.354233,157.162979,15735528
4/27/2010,168.057419,169.145737,166.820679,167.513245,156.377914,22734583
4/28/2010,164.258163,166.988876,138.514297,162.566315,151.759827,19690948
4/29/2010,164.218597,168.176147,162.922501,166.721741,155.639023,41823624
4/30/2010,167.800171,173.835434,167.206543,172.667969,161.189987,30858379
5/3/2010,172.351364,174.666519,167.730911,169.076492,157.83725,23773791
5/4/2010,169.986725,172.054535,165.841187,166.652481,155.574371,18968476
5/5/2010,162.259598,166.533752,159.558578,165.19809,154.21666,18946811
5/6/2010,165.227768,165.227768,159.5289,160.963501,150.263565,24010448
5/7/2010,159.251862,159.251862,150.010986,150.931107,140.898071,28801931
5/10/2010,156.719025,161.66597,151.485168,160.993195,150.29129,22222064
5/11/2010,161.586823,162.061722,156.966385,158.282257,147.760544,21729699
5/12/2010,157.332458,160.656799,156.620087,158.826431,148.268585,19139875
5/13/2010,160.270935,165.603729,160.112625,164.40657,153.477737,23865686
5/14/2010,164.63414,165.227768,160.399551,161.517563,150.780792,13830264
5/17/2010,159.687195,159.687195,153.275955,156.164978,145.784012,24175191
5/18/2010,157.312668,157.312668,151.415909,152.830734,142.671417,22833144
5/19/2010,151.376343,151.376343,139.909332,141.462677,132.059036,42604941
5/20/2010,142.076096,144.905746,137.594162,140.869034,131.504883,32478158
5/21/2010,136.535522,141.343948,133.864166,140.463394,131.126205,42409395
5/24/2010,142.471848,146.310669,138.910049,139.889542,130.590485,27683087
5/25/2010,138.316422,138.395569,132.577972,133.260651,124.402237,22896567
5/26/2010,133.567352,141.264786,133.567352,140.394135,131.061539,26941684
5/27/2010,139.91922,148.408173,139.394852,146.775681,137.01886,46147010
5/28/2010,150.386948,153.09787,146.93399,148.309235,138.45047,39059693
5/31/2010,149.179901,151.237823,146.627274,149.397568,139.466461,22413182
6/1/2010,148.032211,150.070343,142.580673,143.45134,133.915512,24048880
6/2/2010,145.440002,148.378494,143.678894,147.646347,137.83165,28703946
6/3/2010,149.397568,152.761475,149.397568,151.821564,141.72934,24720427
6/4/2010,151.910599,153.523315,149.516281,152.682327,142.532883,17680584
6/7/2010,149.595444,149.595444,144.925522,145.85556,136.159927,27858317
6/8/2010,145.83577,149.694382,144.648499,145.598312,135.919769,26978136
6/9/2010,145.440002,147.359421,143.105057,144.064758,134.488144,33286679
6/10/2010,146.162262,150.87175,144.450623,150.208862,140.223846,24950044
6/11/2010,152.266785,152.939575,149.921936,151.356552,141.295227,26420786
6/14/2010,151.969971,152.919785,149.22937,150.436417,140.436279,17644648
6/15/2010,150.584824,152.167847,148.289444,150.327591,140.334671,16351196
6/16/2010,151.376343,155.927521,151.376343,154.413757,144.149185,26018942
6/17/2010,155.136017,159.390381,153.355118,158.737381,148.18544,23857959
6/18/2010,159.291443,160.676575,156.916916,158.658234,148.111542,20921856
6/21/2010,160.082947,162.922501,159.311234,159.746552,149.127502,19993034
6/22/2010,160.181885,160.181885,156.639877,157.837036,147.34494,15775037
6/23/2010,156.343063,159.667404,155.937408,156.531052,146.125763,17385856
6/24/2010,156.778397,157.866714,154.690781,155.373459,145.04512,15245467
6/25/2010,155.373459,156.125397,151.52475,152.148056,142.034119,17019276
6/28/2010,152.365723,157.085098,152.365723,156.174866,145.793259,12556784
6/29/2010,156.125397,156.125397,151.673157,152.553711,142.412796,14291135
6/30/2010,150.436417,154.710571,150.14949,154.047684,143.807465,17480177
7/1/2010,153.909164,154.364288,150.614502,150.931107,140.898071,12274979
7/2/2010,152.365723,153.523315,150.980576,151.653366,141.572296,12038767
7/5/2010,151.36644,154.295029,150.208862,151.020157,140.981201,16098868
7/6/2010,151.36644,152.721909,150.584824,151.95018,141.849396,14020533
7/7/2010,151.673157,152.345932,148.091568,148.596161,138.718353,12754144
7/8/2010,150.386948,151.594009,149.328308,149.625122,139.678894,11395778
7/9/2010,150.584824,152.860413,150.189072,152.504242,142.366623,15919247
7/12/2010,153.75087,156.956482,152.820847,156.352951,145.959488,22252204
7/13/2010,156.521149,159.232071,155.83847,158.678024,148.12999,14691923
7/14/2010,159.687195,161.230637,157.312668,158.302048,147.779022,13678058
7/15/2010,158.302048,160.676575,156.521149,160.181885,149.533905,15651496
7/16/2010,160.280823,165.395966,160.073059,164.713287,153.764084,26426881
7/19/2010,163.644745,165.010101,162.487167,163.30835,152.452545,9332836
7/20/2010,164.040497,164.832016,160.082947,160.884354,150.189682,8860549
7/21/2010,161.863846,163.427078,161.547241,162.328857,151.538162,9242644
7/22/2010,162.061722,166.217148,161.270218,165.62352,154.6138,13248283
7/23/2010,166.63269,167.592407,164.515411,165.900543,154.872406,13194906
7/26/2010,166.415039,166.454605,161.883636,162.497055,151.69519,8951373
7/27/2010,162.457474,167.790283,162.457474,167.117493,156.008469,14545160
7/28/2010,166.612915,169.877884,166.612915,169.145737,157.901886,14313133
7/29/2010,169.402985,172.005066,167.28569,171.500488,160.100113,18101253
7/30/2010,168.987442,170.333008,166.86026,167.473679,156.340958,10827028
8/2/2010,168.977539,170.74855,166.850357,167.671555,156.525696,11074418
8/3/2010,169.165527,169.383194,166.039063,166.573334,155.500488,14728713
8/4/2010,166.810791,167.800171,165.227768,167.097702,155.98999,7603626
8/5/2010,167.404419,171.510376,166.791,170.372589,159.04718,14736203
8/6/2010,170.174713,178.445984,169.828415,176.843185,165.087662,34896871
8/9/2010,177.832565,182.393646,177.100418,181.928635,169.835052,21464474
8/10/2010,183.036743,191.34761,175.556976,189.428192,179.769012,81052897
8/11/2010,190.407684,202.725571,190.269165,199.203339,189.0457,82490235
8/12/2010,199.262711,204.447098,196.007629,202.765137,192.425888,34680035
8/13/2010,203.220261,204.803284,199.361649,200.529129,190.303909,19571364
8/16/2010,201.211807,202.359497,196.43306,198.144699,188.041031,13504956
8/17/2010,198.837265,201.597656,197.481812,199.193451,189.036362,20910035
8/18/2010,200.647858,209.4534,200.449966,207.435059,196.857697,33446080
8/19/2010,205.792664,207.771439,204.199753,205.881714,195.383545,15331571
8/20/2010,203.556656,205.396912,200.420288,200.914978,190.670074,20173575
8/23/2010,201.805435,203.061951,199.064835,200.914978,190.670074,12888823
8/24/2010,201.023819,201.835114,199.282501,200.202621,189.994034,9869360
8/25/2010,199.361649,200.539017,194.533432,196.353912,186.341583,15772252
8/26/2010,195.898788,201.429474,195.334839,197.363083,187.299301,30891404
8/27/2010,197.283936,200.232315,195.324951,196.057098,186.059906,12903049
8/30/2010,198.669067,199.836548,193.959595,195.86911,185.8815,13117949
8/31/2010,194.909409,200.825943,194.187149,199.925598,189.73114,32532480
9/1/2010,200.845734,201.736176,198.500885,200.004745,189.806259,14422741
9/2/2010,202.03299,204.199753,200.647858,201.231583,190.970535,13703574
9/3/2010,201.854904,202.873978,199.905807,200.598373,190.369598,5986873
9/6/2010,201.755966,205.792664,201.755966,204.803284,194.360092,10815687
9/7/2010,204.407516,209.849152,204.407516,205.624466,195.13942,11105372
9/8/2010,204.803284,206.524811,203.052063,204.387741,193.965759,7991987
9/9/2010,204.605408,206.465454,199.589203,200.81604,190.576187,11910673
9/13/2010,202.072571,204.704346,201.300842,203.220261,192.857803,12417880
9/14/2010,204.803284,211.333237,202.824509,208.8004,198.153397,28712790
9/15/2010,210.739609,213.509888,201.657028,202.745346,192.407104,32875429
9/16/2010,202.923447,205.99054,201.835114,203.576447,193.195847,18527507
9/17/2010,205.594788,207.355896,203.714951,204.902222,194.453995,14344420
9/20/2010,205.782776,209.96788,205.199036,209.245636,198.575928,13433877
9/21/2010,209.354462,214.697159,208.048477,213.826492,202.923218,24206907
9/22/2010,217.447662,219.446213,209.601807,211.907089,201.101669,15792487
9/23/2010,212.520508,213.707764,210.244919,212.579865,201.740143,11276250
9/24/2010,211.135361,213.183395,210.175659,212.302841,201.477234,8037616
9/27/2010,215.785477,216.675934,211.788361,214.439911,203.505356,11043551
9/28/2010,213.5,214.697159,211.036423,213.806702,202.904449,8215034
9/29/2010,213.875961,219.61441,213.816605,218.941635,207.777527,20404829
9/30/2010,219.634201,220.633484,214.944504,217.289352,206.209518,15719417
10/1/2010,218.654709,228.548584,217.863205,220.465286,209.22348,34713076
10/4/2010,222.790344,226.965561,217.665314,225.392441,213.899399,17769624
10/5/2010,226.559921,226.599487,223.245468,224.462418,213.0168,10861094
10/6/2010,226.362045,227.737289,224.591034,225.323181,213.833664,14441525
10/7/2010,225.580429,227.163437,221.157867,223.344406,211.95578,9498570
10/8/2010,224.472305,225.511169,216.280182,218.249054,207.120255,13647423
10/11/2010,221.227112,229.290634,218.852585,227.875809,216.256134,13036338
10/12/2010,227.727402,230.507568,226.658859,228.865189,217.195053,14779922
10/13/2010,228.865189,233.990219,227.331635,232.77327,220.9039,13505826
10/14/2010,233.099777,236.463684,231.823456,234.138626,222.199585,13352852
10/15/2010,234.287033,235.434723,227.697708,228.756363,217.091797,9338355
10/18/2010,226.569809,233.050308,224.046875,231.308975,219.514236,15690758
10/19/2010,233.495529,235.078552,231.516754,232.337936,220.490753,10234859
10/20/2010,231.496964,232.901901,228.152832,229.072968,217.392242,7828280
10/21/2010,230.527359,233.188812,229.735855,230.942902,219.16684,10193262
10/22/2010,232.189529,232.516037,226.599487,227.331635,215.739716,10673084
10/25/2010,228.607956,235.454514,228.607956,234.613541,222.650299,9469365
10/26/2010,234.643219,237.453079,233.208603,236.414215,224.359146,14224144
10/27/2010,235.474304,237.848831,234.188095,236.671463,224.603287,8511909
10/28/2010,237.453079,239.431854,234.534378,235.988785,223.955429,16175042
10/29/2010,235.988785,236.800079,225.798096,229.340103,217.645767,10778624
11/1/2010,233.416382,234.455231,230.190964,231.635483,219.824097,7876703
11/2/2010,232.545715,232.70401,226.579712,228.400177,216.753754,11642340
11/3/2010,229.923843,235.850266,229.874374,234.59375,222.631516,8046298
11/4/2010,236.443909,245.368179,233.099777,244.190811,231.739212,18715401
11/8/2010,247.346954,253.263489,245.872772,251.156097,238.349319,14387391
11/9/2010,253.471268,256.053558,249.652237,251.284714,238.471375,19715842
11/10/2010,266.343201,266.738953,256.686768,257.735535,244.593277,28740933
11/11/2010,261.000519,261.831604,250.255753,252.481873,239.607513,19481339
11/12/2010,250.315125,255.440155,245.684784,246.604919,234.030212,15998145
11/15/2010,246.753326,248.890396,242.202133,247.782288,235.147552,14427209
11/16/2010,250.315125,250.414063,234.959824,238.5513,226.387268,18540530
11/18/2010,241.014877,244.774551,232.783173,243.537811,231.119507,25559314
11/19/2010,245.368179,246.357574,232.901901,235.276428,223.279388,16342448
11/22/2010,238.64035,244.121552,235.682068,242.93428,230.546768,10901483
11/23/2010,241.014877,243.270676,233.732986,240.12442,227.880173,17503687
11/24/2010,240.638901,249.464249,238.46225,241.183075,228.884872,20702923
11/25/2010,243.488342,247.327164,237.462967,238.600769,226.434235,18600774
11/26/2010,239.827606,240.995087,225.184662,230.814285,219.044769,23512958
11/29/2010,230.70546,236.295486,226.569809,234.682785,222.716034,11346172
11/30/2010,232.516037,246.209167,230.200867,244.368896,231.908234,18689167
12/1/2010,243.389404,257.834473,242.647369,254.618958,241.63562,30293120
12/2/2010,257.003387,262.880341,256.40976,261.228058,247.907715,28966482
12/3/2010,260.40686,266.48172,257.824585,260.149628,246.884277,28659135
12/6/2010,262.187775,273.466797,261.80191,268.688049,254.987305,44883612
12/7/2010,267.15451,267.589844,259.654938,264.245697,250.771454,24262518
12/8/2010,263.572906,266.521301,256.44931,264.384216,250.902939,37380826
12/9/2010,264.572205,265.155945,249.127853,252.06633,239.213165,27527774
12/10/2010,250.710876,250.908752,239.827606,246.872055,234.283752,22295766
12/13/2010,248.534225,256.014008,247.980164,252.729233,239.842255,16594175
12/14/2010,254.668427,260.208984,250.968109,258.418213,245.241165,19158776
12/15/2010,257.794891,264.166534,255.281845,261.772217,248.424133,18236064
12/16/2010,261.000519,270.775665,255.509399,266.541077,252.949829,19317192
12/20/2010,263.572906,269.885223,261.693085,267.332581,253.700943,14196879
12/21/2010,267.332581,269.885223,263.731232,267.134705,253.513184,10812054
12/22/2010,268.341766,271.369293,266.541077,270.132568,256.358185,12828124
12/23/2010,269.311371,271.982727,264.32486,267.678864,254.029587,10304407
12/24/2010,265.551697,266.936829,257.656372,258.457794,245.278702,16127932
12/27/2010,258.032349,261.376465,255.826004,257.458496,244.330353,8742582
12/28/2010,258.329163,258.665558,249.968842,251.086838,238.2836,18243573
12/29/2010,251.304504,253.263489,247.742706,252.06633,239.213165,15456785
12/30/2010,252.096024,258.230225,251.937714,257.270508,244.151978,14592932
12/31/2010,258.428101,260.387085,256.44931,258.893097,245.691818,8846131
1/3/2011,262.722046,264.166534,257.478302,258.912903,245.710602,8480698
1/4/2011,259.991333,261.317108,254.282562,256.924225,243.823318,11792059
1/5/2011,257.240845,259.199829,252.491776,253.837341,240.893845,7965283
1/6/2011,255.10376,257.418915,247.020462,249.523605,236.800095,11030563
1/7/2011,249.325729,249.988617,229.537979,235.513885,223.50473,21823221
1/10/2011,235.67218,238.818436,229.023499,232.842529,220.969589,24076605
1/11/2011,234.267242,237.235413,225.689255,229.152115,217.467377,21430559
1/12/2011,233.495529,242.024048,232.70401,241.014877,228.72522,24175519
1/13/2011,241.608505,246.743423,239.827606,244.715179,232.236862,28974199
1/14/2011,242.400024,242.400024,231.912506,233.970428,222.039993,17378776
1/17/2011,234.969711,235.078552,228.647522,233.26796,221.373322,12138596
1/18/2011,234.484909,239.154831,233.891281,237.364029,225.260544,14289937
1/19/2011,238.996521,239.016312,234.148529,236.018463,223.983597,12275924
1/20/2011,234.465134,237.848831,229.963409,236.404327,224.349777,11811864
1/21/2011,235.474304,238.244583,231.981766,234.959824,222.978943,10804575
1/24/2011,234.959824,237.017746,232.525925,235.137909,223.147934,6420389
1/25/2011,237.215622,237.215622,229.518188,230.725235,218.960266,12718970
1/27/2011,233.881393,237.354141,231.71463,236.631882,224.565735,21052972
1/28/2011,235.078552,235.454514,222.018631,227.618561,216.012024,15697246
1/31/2011,220.633484,229.340103,220.059647,226.975464,215.401703,12785820
2/1/2011,227.846115,227.846115,210.343857,211.541016,200.754272,25801333
2/2/2011,215.152283,223.383987,213.173508,220.485077,209.242264,22464911
2/3/2011,217.625748,230.428421,216.478058,228.90477,217.23262,14176336
2/4/2011,227.608673,235.464401,225.580429,227.727402,216.115295,24900735
2/7/2011,225.798096,229.508301,219.802399,226.836945,215.270248,17675020
2/8/2011,227.559204,229.102646,218.506302,220.089325,208.866684,15107437
2/9/2011,217.665314,221.187546,208.266144,212.44136,201.608719,24693875
2/10/2011,212.91626,221.009445,212.44136,218.160019,207.035782,15376154
2/11/2011,219.327499,231.516754,217.417969,226.1147,214.584824,18418788
2/14/2011,236.16687,241.766815,235.840378,239.283447,227.082077,22358249
2/15/2011,240.203583,246.931412,237.819153,244.843811,232.358917,20341477
2/16/2011,244.180908,246.298203,240.886261,245.061462,232.565445,8898446
2/17/2011,243.775269,248.227509,242.43959,247.069931,234.471512,8783062
2/18/2011,247.149078,248.910187,237.670746,238.5513,226.387268,13037718
2/21/2011,238.442459,239.174606,224.670181,229.884262,218.162186,22259966
2/22/2011,227.559204,228.350708,222.157135,224.957108,213.486267,12652636
2/23/2011,224.591034,230.131607,223.621429,226.352142,214.810165,10373475
2/24/2011,225.382553,225.95639,205.525528,208.642105,198.003204,27479492
2/25/2011,214.103531,222.612259,212.233582,219.782608,208.575638,23675008
2/28/2011,220.633484,222.889282,208.760834,214.251938,203.326965,32936017
3/1/2011,217.467438,226.767685,217.101364,225.946503,214.425217,16617058
3/3/2011,225.145096,234.425552,221.622879,232.802948,220.932037,24321630
3/4/2011,236.206451,236.364746,230.70546,232.654541,220.791199,16747431
3/7/2011,228.548584,228.548584,221.820755,223.195999,211.814957,15032881
3/8/2011,222.810135,230.507568,222.612259,229.963409,218.237289,11187862
3/9/2011,231.773987,232.802948,228.152832,230.190964,218.453247,8613937
3/10/2011,230.745026,232.486343,227.75708,230.527359,218.772491,9448044
3/11/2011,228.74646,231.912506,223.997406,230.05246,218.321808,10636263
3/14/2011,228.548584,233.436157,225.619995,232.664444,220.800598,7874601
3/15/2011,225.639786,229.528076,223.334518,225.995972,214.472153,9013856
3/16/2011,227.954956,232.387405,226.945786,230.824173,219.054153,9036527
3/17/2011,227.163437,230.012878,224.106232,225.570526,214.068405,9032721
3/18/2011,228.152832,228.152832,220.237732,221.118286,209.843185,12633716
3/21/2011,223.423553,224.274429,220.673065,221.860321,210.547379,9665340
3/22/2011,223.621429,226.312576,223.621429,224.808701,213.345428,10590215
3/23/2011,223.908356,226.510452,222.820038,224.96701,213.495651,8258485
3/24/2011,226.787476,229.91394,226.60939,229.003708,217.326523,5973436
3/25/2011,231.694839,235.850266,229.795212,234.257355,222.312286,8578910
3/28/2011,235.870056,242.973862,235.355576,242.202133,229.851929,10631114
3/29/2011,243.666428,246.55545,239.926544,245.259354,232.753265,10904318
3/30/2011,245.664993,249.068497,245.091156,247.149078,234.546661,8188538
3/31/2011,248.316559,249.503815,241.608505,247.020462,234.424576,12968559
4/1/2011,245.566055,247.327164,244.250168,245.724365,233.19458,6426352
4/4/2011,245.368179,248.929977,244.774551,248.17804,235.523132,6545193
4/5/2011,249.028915,254.252884,246.169586,253.352539,240.433777,9861795
4/6/2011,254.737686,257.972992,252.956787,256.983582,243.879684,12918993
4/7/2011,255.212585,257.636597,252.590714,255.440155,242.414932,7981152
4/8/2011,254.074799,254.806946,246.575241,247.999954,235.354126,6889310
4/11/2011,244.972427,247.327164,239.580261,241.321579,229.016296,6465806
4/13/2011,239.392273,247.871338,238.422684,247.1194,234.518463,10990760
4/15/2011,247.149078,251.106628,243.09259,244.546982,232.077225,7786713
4/18/2011,244.863586,249.879791,237.650955,238.610657,226.443604,8936854
4/19/2011,237.235413,240.21347,235.147797,237.710312,225.589157,8257848
4/20/2011,240.361877,248.445175,240.243149,247.693237,235.063049,9279930
4/21/2011,248.296768,248.929977,243.983032,246.110214,233.56076,6037869
4/25/2011,244.606354,248.732101,244.606354,245.872772,233.335403,3600964
4/26/2011,245.566055,250.710876,242.301071,249.582977,236.85643,5786749
4/27/2011,249.127853,251.858566,246.575241,247.248016,234.640533,6580068
4/28/2011,248.138474,248.979446,243.00354,243.844528,231.410599,6905431
4/29/2011,243.191528,256.577942,240.223358,244.744873,232.265015,6356607
5/2/2011,245.664993,246.159698,241.163284,242.469269,230.105453,5867512
5/3/2011,241.816284,242.766083,227.163437,230.151398,218.41568,10442426
5/4/2011,230.131607,232.684235,225.422119,229.39946,217.702087,8152829
5/5/2011,229.537979,232.466568,223.79953,225.016479,213.542587,5394325
5/6/2011,227.519623,239.036102,226.757797,237.443192,225.335663,11239677
5/9/2011,237.255203,237.927979,231.299088,232.872208,220.997772,6402004
5/10/2011,232.70401,238.135757,231.71463,234.732254,222.76297,7554666
5/11/2011,234.682785,240.421234,233.742874,239.758347,227.532776,8956174
5/12/2011,237.037537,241.410629,234.000107,234.880676,222.903839,9508238
5/13/2011,236.186661,244.22049,234.910355,239.639618,227.420105,10128121
5/16/2011,237.453079,241.371048,234.5047,240.569656,228.302689,12026138
5/17/2011,239.62973,241.014877,233.218491,235.276428,223.279388,7890571
5/18/2011,235.128021,235.266525,226.124588,227.391006,215.796051,12912545
5/19/2011,228.370499,230.675766,225.986069,227.727402,216.115295,10150008
5/20/2011,227.796646,233.87149,227.796646,231.249619,219.457916,7206966
5/23/2011,228.350708,228.350708,222.236298,223.492813,212.096634,9471877
5/24/2011,223.423553,225.966278,220.029953,221.988953,210.669449,10603819
5/25/2011,221.721817,225.966278,221.642654,224.353577,212.913498,9051142
5/26/2011,225.817871,231.259506,225.649673,230.012878,218.28421,14230926
5/27/2011,232.506134,232.506134,214.103531,215.458984,204.472458,36507473
5/30/2011,216.666046,218.001709,212.292938,213.183395,202.312897,14337441
5/31/2011,213.935333,217.685104,212.856903,216.735291,205.683701,21812058
6/1/2011,216.87381,217.071686,212.837112,213.687988,202.791763,12190917
6/2/2011,211.728989,211.728989,206.227997,207.415268,196.838898,13160850
6/3/2011,207.375687,209.354462,200.697327,202.587051,192.256882,18193522
6/6/2011,200.153152,204.170074,199.905807,202.567261,192.238098,10494787
6/7/2011,201.241486,204.565826,200.97435,203.259842,192.895355,10702375
6/8/2011,202.408966,206.514923,202.03299,203.526962,193.148865,10460791
6/9/2011,203.616013,204.001877,198.550354,202.062668,191.759216,15309118
6/10/2011,202.507904,202.695877,200.054214,201.755966,191.46817,10366693
6/13/2011,201.04361,201.587769,198.688858,199.91571,189.721756,9117445
6/14/2011,199.559525,199.836548,194.147568,194.711517,184.782928,18158005
6/15/2011,194.711517,197.501602,192.772324,196.719986,186.68898,17065451
6/16/2011,195.404099,197.679688,193.949692,194.642273,184.717224,8892139
6/17/2011,196.284653,196.413269,193.168076,194.108002,184.21019,7010420
6/20/2011,194.216827,194.70163,183.145584,184.224014,174.8302,12139966
6/21/2011,185.609161,187.934219,184.026138,185.252975,175.806686,15616489
6/22/2011,186.994293,187.103134,183.501755,185.193619,175.750366,10873971
6/23/2011,185.015518,188.369553,183.284088,186.994293,177.459213,14139804
6/24/2011,187.637405,192.416138,187.637405,191.23877,181.487259,12766323
6/27/2011,189.368835,194.79068,188.033157,193.474792,183.609268,10943666
6/28/2011,194.711517,195.997726,191.505905,194.850037,184.914398,8802407
6/29/2011,196.076874,200.400497,195.572296,197.313614,187.252365,15611249
6/30/2011,197.481812,198.649292,194.187149,196.729874,186.69838,12195990
7/1/2011,199.856339,199.856339,195.107285,196.828812,186.792252,9831675
7/4/2011,199.658463,202.794815,198.570129,200.182831,189.975266,10758485
7/5/2011,201.835114,203.497284,199.658463,201.033707,190.782745,11706177
7/6/2011,201.657028,205.387024,200.163055,204.902222,194.453995,12015444
7/7/2011,204.427307,209.38414,203.220261,208.849869,198.200333,13654837
7/8/2011,209.156586,212.579865,206.979935,208.562958,197.92807,9533475
7/11/2011,208.562958,210.343857,206.940353,208.335388,197.712112,5947490
7/12/2011,205.00116,206.287354,198.866959,202.804718,192.463455,10584332
7/13/2011,203.418137,207.474625,202.824509,206.920563,196.369415,7318116
7/14/2011,205.792664,214.004593,204.872543,211.353027,200.575882,11520113
7/15/2011,210.047028,210.145981,203.675385,204.417419,193.993927,8878692
7/18/2011,204.803284,207.068985,200.25209,200.806152,190.566803,8426639
7/19/2011,198.075439,198.303009,193.524261,194.70163,188.488342,15781460
7/20/2011,195.898788,197.0168,190.773758,191.713684,185.595734,9583774
7/21/2011,192.515076,194.899506,190.506622,193.326385,187.156982,6784341
7/22/2011,195.305161,198.866959,193.999161,197.274033,190.978653,10848728
7/25/2011,196.690292,200.232315,195.324951,199.143982,192.78894,6866089
7/26/2011,199.440796,200.469757,191.080475,192.544769,186.400314,9788931
7/27/2011,192.930634,193.494583,187.647293,189.507339,183.459824,8775628
7/28/2011,188.35965,191.149734,187.083344,188.122208,182.118866,8238114
7/29/2011,187.766022,189.151169,186.004913,187.607712,181.620804,6880178
8/1/2011,188.973068,191.337708,188.112305,190.259277,184.187744,5798914
8/2/2011,188.982971,190.536301,187.983688,189.250107,183.210785,8020515
8/3/2011,186.994293,186.994293,182.304596,183.660065,177.799133,9026071
8/4/2011,182.581635,183.7491,180.137848,180.850204,175.078934,18964954
8/5/2011,173.934372,176.50679,172.153488,176.031876,170.414383,12329189
8/8/2011,172.361252,172.54924,163.001648,163.783264,158.556641,15712513
8/9/2011,156.916916,162.457474,155.145905,157.12468,152.11055,25192785
8/10/2011,163.150055,168.077209,161.468094,167.048233,161.717407,15591080
8/11/2011,164.040497,170.758438,161.66597,167.998047,162.636932,19839717
8/12/2011,168.383911,168.383911,156.936691,158.302048,153.250336,26623265
8/16/2011,160.696365,162.239822,157.322556,158.608765,153.547272,11608592
8/17/2011,158.104172,158.331726,152.781265,154.116943,149.198776,12842158
8/18/2011,155.670273,155.789001,147.99263,148.813828,144.064911,12730058
8/19/2011,145.885239,146.389816,138.939728,140.958084,136.459839,28247800
8/22/2011,141.571503,146.84494,138.514297,145.83577,141.181885,22426448
8/23/2011,145.440002,147.794754,141.482452,143.975723,139.38121,18259149
8/24/2011,143.856995,145.796188,137.534805,138.662704,134.237717,18160077
8/25/2011,140.700836,142.828033,139.543259,141.334045,136.823792,17495480
8/26/2011,141.502243,144.915634,137.247879,138.217484,133.806717,15389329
8/29/2011,140.888824,145.717041,140.493073,144.579239,139.965439,17960125
8/30/2011,147.517731,148.091568,143.827301,146.884521,142.197174,16232188
9/2/2011,149.991196,151.039948,146.82515,149.348099,144.582138,19816233
9/5/2011,148.012421,150.189072,146.686646,149.041382,144.285187,10451048
9/6/2011,148.051987,153.078079,148.051987,151.534637,146.698883,19074648
9/7/2011,152.613068,154.473114,149.22937,152.187637,147.33107,14902265
9/8/2011,153.18692,156.916916,152.167847,156.451889,151.459198,13366123
9/9/2011,156.600311,156.600311,150.485886,151.356552,146.526474,10160626
9/12/2011,144.401154,147.616669,141.977158,144.796906,140.176178,11310876
9/13/2011,145.736832,146.627274,136.090302,138.118546,133.710938,16215981
9/14/2011,139.503677,142.125565,138.514297,140.987762,136.488571,11644242
9/15/2011,141.482452,150.7827,140.047852,149.595444,144.821579,13412005
9/16/2011,152.217316,161.764908,150.7827,160.132416,155.022278,33598796
9/19/2011,158.302048,162.952179,156.125397,159.984009,154.878616,16555452
9/20/2011,159.736664,165.029892,159.736664,164.436249,159.188782,14652145
9/21/2011,163.248993,165.12883,161.764908,163.100586,157.895737,11410808
9/22/2011,158.994629,159.835602,151.969971,153.00882,148.126022,11588731
9/23/2011,148.902863,150.189072,144.450623,145.291595,140.655075,21565164
9/26/2011,145.934708,146.924088,140.740417,145.192657,140.55928,9238603
9/27/2011,149.743851,155.333893,149.001801,154.097153,149.179611,11703282
9/28/2011,155.234955,158.005234,151.574219,154.393967,149.466965,13007360
9/29/2011,151.871033,161.121811,149.595444,159.192505,154.112396,20271766
9/30/2011,158.598862,161.17128,153.602463,154.393967,149.466965,12077181
10/3/2011,152.365723,155.729645,150.733231,151.969971,147.120316,7956053
10/4/2011,150.584824,150.980576,143.213882,145.143188,140.511414,17778524
10/5/2011,146.627274,150.238541,145.093719,145.83577,141.181885,8976242
10/7/2011,151.425812,158.648331,151.425812,157.461075,152.436188,15888950
10/10/2011,157.312668,170.619934,157.21373,168.937973,163.54686,20441091
10/11/2011,170.867279,176.061569,169.531601,174.874298,169.293732,23070737
10/12/2011,174.132263,187.983688,168.839035,178.831848,173.124985,27429984
10/13/2011,181.45372,184.224014,172.895523,173.983856,168.431702,18865685
10/14/2011,172.153488,179.326538,171.906128,178.139282,172.454514,15041251
10/17/2011,181.057968,189.170959,181.057968,186.103851,180.164932,24399749
10/18/2011,182.245239,182.69046,175.913162,179.326538,173.603897,15186937
10/19/2011,181.948425,186.252258,181.948425,184.966049,179.063431,12285365
10/20/2011,180.513809,182.542053,178.831848,181.156906,175.375854,13764843
10/21/2011,182.838867,183.630386,175.27005,176.259445,170.634689,12452690
10/24/2011,180.711685,185.460754,180.711685,184.174545,178.297195,13060616
10/25/2011,186.004913,191.34761,182.838867,189.764587,183.708847,16613851
10/28/2011,195.651443,205.792664,195.156754,204.605408,198.07608,18062425
10/31/2011,203.319199,203.319199,195.651443,196.344009,190.078323,13437473
11/1/2011,193.029572,200.301559,189.764587,191.397079,185.289246,20701234
11/2/2011,188.280502,194.810455,186.103851,190.061401,183.996185,23264805
11/3/2011,188.973068,190.209808,183.432495,186.697479,180.739609,22020039
11/4/2011,191.446548,191.644424,183.778793,186.103851,180.164932,18172797
11/8/2011,187.488998,188.676254,183.284088,187.686874,181.697433,12369112
11/9/2011,189.368835,189.912994,181.849487,182.789398,176.956253,14049057
11/11/2011,182.096832,186.15332,178.584503,179.524414,173.795456,18714170
11/14/2011,182.096832,183.531448,174.28067,175.913162,170.299438,15936797
11/15/2011,171.906128,182.542053,170.07576,179.326538,173.603897,22496796
11/16/2011,180.068588,181.849487,175.863693,180.365402,174.609619,16710245
11/17/2011,180.068588,181.057968,171.955597,173.291275,167.761215,12718626
11/18/2011,170.174713,170.174713,165.178299,168.492752,163.115845,13024356
11/21/2011,167.453888,167.453888,158.450455,159.835602,154.73494,13593370
11/22/2011,161.270218,173.340744,161.270218,170.619934,165.17514,23977749
11/23/2011,168.195923,169.333725,163.793152,166.563446,161.248093,14250198
11/24/2011,165.12883,173.093399,162.408005,171.213562,165.749817,19639212
11/25/2011,167.750702,177.891937,167.750702,170.026291,164.600433,20140276
11/28/2011,172.648178,181.008499,172.005066,179.920181,174.178604,15485331
11/29/2011,178.930786,179.870712,173.835434,175.566864,169.964203,13421718
11/30/2011,172.648178,174.528015,167.750702,170.966217,165.510376,15219712
12/1/2011,179.079193,183.481979,178.980255,181.057968,175.280075,16657469
12/2/2011,180.068588,190.704498,179.821243,189.863525,183.804626,15915130
12/5/2011,188.824661,192.534866,187.192169,189.566711,183.517288,11551076
12/7/2011,188.973068,193.672668,187.983688,189.368835,183.325729,12558395
12/8/2011,188.231033,189.467773,183.877731,186.549072,180.595947,12275776
12/9/2011,181.750549,183.729324,178.188751,181.057968,175.280075,15030855
12/12/2011,185.064987,185.807037,174.330139,175.467926,169.868408,14557815
12/13/2011,172.648178,180.414871,172.400833,177.00148,171.353043,14435173
12/14/2011,174.973236,179.771774,174.330139,175.220581,169.628967,14651520
12/15/2011,173.142868,174.132263,165.722458,170.81781,165.366684,18271794
12/16/2011,173.53862,177.842468,168.492752,170.570465,165.127228,16090287
12/19/2011,170.174713,178.386627,167.453888,177.891937,172.215057,20733578
12/20/2011,178.089813,178.831848,172.005066,173.04393,167.521774,14724475
12/21/2011,177.842468,179.96965,172.846054,175.121643,169.533173,21303228
12/22/2011,173.142868,182.492584,171.658783,181.651611,175.854767,12456091
12/23/2011,182.937805,185.361816,180.761154,182.987274,177.147797,10706784
12/26/2011,184.026138,186.64801,183.135681,184.768173,178.871887,7173974
12/27/2011,184.026138,184.42189,178.930786,180.167526,174.41806,6266197
12/28/2011,179.079193,181.552673,176.952011,178.287689,172.59819,8871334
12/29/2011,176.50679,180.563278,176.209976,177.248825,171.592484,10089218
12/30/2011,178.584503,181.849487,174.923767,176.803604,171.161484,9387655
1/2/2012,179.029724,183.086212,176.902542,181.997894,176.190002,10175802
1/3/2012,184.273483,192.732742,184.224014,191.891769,185.768127,15868503
1/4/2012,191.792831,200.351028,190.951843,199.064835,192.712311,22752471
1/5/2012,198.81749,203.566544,198.075439,199.955276,193.574326,21640778
1/6/2012,197.877563,202.824509,196.393478,201.439362,195.011063,13553191
1/7/2012,null,null,null,null,null,null
1/9/2012,199.707932,200.548904,196.096664,198.471191,192.137604,11603434
1/10/2012,198.866959,204.259109,198.866959,202.923447,196.447784,11914873
1/11/2012,204.011765,205.100098,199.608994,202.725571,196.256226,15624783
1/12/2012,200.845734,207.276749,200.400497,204.011765,197.501373,12188062
1/13/2012,207.919846,210.937485,204.308578,206.584183,199.991699,19211059
1/16/2012,203.813889,212.322632,201.785645,211.481644,204.732864,21707417
1/17/2012,215.686539,219.050461,213.856171,215.092911,208.228882,24063235
1/18/2012,215.043442,217.615845,210.393326,211.580582,204.828644,24532641
1/19/2012,214.697159,217.912674,214.103531,216.131775,209.234589,14566560
1/20/2012,217.566376,218.951523,213.312012,216.774872,209.857193,10653576
1/23/2012,218.555771,220.880829,215.290787,216.774872,209.857193,9225387
1/24/2012,218.654709,222.117569,214.202469,219.594635,212.58699,13943106
1/25/2012,220.633484,231.863037,220.33667,228.499115,221.207291,22641750
1/27/2012,232.110382,238.838226,230.131607,237.304672,229.731842,26387260
1/30/2012,235.67218,236.16687,228.944336,231.417816,224.032852,17473960
1/31/2012,232.605072,242.944183,232.605072,241.163284,233.467316,13113944
2/1/2012,241.262222,249.127853,240.817001,245.763931,237.921158,20475253
2/2/2012,249.820419,250.018311,242.350555,243.834625,236.053421,17569303
2/3/2012,244.626144,247.346954,238.096176,245.021896,237.202789,14121308
2/6/2012,247.841644,250.315125,243.043121,249.078384,241.129822,11866463
2/7/2012,252.046555,252.046555,245.467117,247.693237,239.78891,12778968
2/8/2012,249.226791,250.710876,242.944183,247.940582,240.028351,10246037
2/9/2012,246.55545,256.103027,245.961807,254.569489,246.445709,16813705
2/10/2012,253.975861,259.120667,252.788589,254.618958,246.493607,15829072
2/13/2012,254.569489,258.032349,251.057159,255.558868,247.403519,10942166
2/14/2012,256.696686,269.806061,256.201965,265.106476,256.646423,21793874
2/15/2012,275.742401,289.593811,275.049805,284.795288,275.70694,37216737
2/16/2012,279.996765,281.282959,271.389069,272.972107,264.261047,22926916
2/17/2012,278.413727,280.491455,268.272522,271.042786,262.393311,17046866
2/21/2012,272.279541,273.071045,266.689484,268.420929,259.855103,18509808
2/22/2012,269.113495,273.071045,263.078217,265.601166,257.125336,19514897
2/23/2012,265.155945,270.84491,262.880341,265.601166,257.125336,17424076
2/24/2012,267.134705,268.86615,260.40686,262.632996,254.251877,9397628
2/27/2012,265.057007,265.057007,252.640182,257.191376,248.983917,13464090
2/28/2012,259.664825,272.526886,259.219604,270.449158,261.818604,14977178
2/29/2012,273.071045,275.841339,264.463379,268.074646,259.519897,13142282
3/1/2012,267.035767,270.993317,262.583527,264.364441,255.928085,10340977
3/2/2012,266.640015,269.113495,261.841492,264.809662,256.359131,11080128
3/3/2012,null,null,null,null,null,null
3/5/2012,264.166534,272.675293,263.4245,271.240662,262.584839,13871949
3/6/2012,271.191193,276.039215,261.198395,264.166534,255.736481,11683494
3/7/2012,262.187775,266.936829,259.615356,265.106476,256.646423,8605146
3/9/2012,269.36084,278.957886,269.36084,277.671692,268.810699,12104133
3/12/2012,279.996765,283.855377,274.109894,281.184021,272.210876,12373643
3/13/2012,283.113312,284.547943,279.353638,279.996765,271.061554,9553515
3/14/2012,283.459625,288.901245,282.816498,286.922455,277.766235,10136227
3/15/2012,286.872986,291.028442,281.678711,287.367706,278.197266,9871044
3/16/2012,285.438385,294.689178,279.650482,283.657501,274.605499,16463280
3/19/2012,284.498474,289.395935,278.364258,280.441986,271.492554,9453260
3/20/2012,280.689331,282.915436,266.788422,268.519867,259.950867,18382920
3/21/2012,268.965088,274.505646,261.297333,273.169983,264.452637,23277086
3/22/2012,271.438538,279.403137,265.155945,267.233643,258.705719,14674460
3/23/2012,269.113495,272.675293,264.809662,269.806061,261.196045,12244453
3/26/2012,269.806061,269.806061,263.473969,265.551697,257.077454,10809962
3/27/2012,270.003937,272.576355,262.979279,269.904999,261.291809,11072644
3/28/2012,269.014557,269.756592,265.650635,268.272522,259.711456,7597363
3/29/2012,265.996918,271.092255,264.364441,269.064026,260.477692,9912451
3/30/2012,272.081665,273.664673,270.003937,272.32901,263.638458,6411121
4/2/2012,276.929657,277.028595,272.774231,273.862549,265.123077,8010959
4/3/2012,275.544495,279.007355,272.378479,278.26532,269.385376,8305886
4/4/2012,277.028595,278.809479,274.357239,275.593964,266.799255,4834356
4/9/2012,274.060425,275.890808,270.795441,272.675293,263.973694,3980653
4/10/2012,273.169983,281.678711,272.576355,280.7388,271.779877,8246056
4/11/2012,278.166382,283.410156,277.721161,280.046234,271.109436,9951166
4/12/2012,282.22287,284.646881,280.986145,283.162781,274.126495,5723171
4/13/2012,284.943695,291.473663,283.954315,286.229889,277.095795,7798081
4/16/2012,286.67511,298.696198,283.805908,297.508911,288.014862,12367613
4/17/2012,300.773895,301.713806,293.501892,298.152008,288.63739,14091462
4/18/2012,300.279205,307.94696,299.784515,306.462891,296.683136,17069529
4/19/2012,308.045898,316.900909,306.314484,315.862061,305.782318,15746331
4/20/2012,314.328522,317.34613,309.183685,313.289642,303.291992,9064027
4/23/2012,313.141235,316.505157,305.374542,306.462891,296.683136,7917321
4/24/2012,306.215546,310.915131,305.770294,308.540588,298.694489,6222982
4/25/2012,309.529968,312.102386,305.96817,310.618317,300.705902,8708476
4/26/2012,312.547607,312.547607,307.056519,308.787933,298.933929,6841205
4/27/2012,309.480499,310.370972,304.434631,309.332092,299.460754,5664196
4/30/2012,306.710236,314.130646,306.660767,313.190704,303.196198,4698115
5/2/2012,309.628906,309.628906,300.427612,301.268585,291.654541,10281065
5/3/2012,300.922302,301.763275,296.222717,297.756256,288.254333,10155565
5/4/2012,295.332275,300.477081,292.166229,298.59726,289.068481,11727629
5/7/2012,294.738647,306.710236,288.456024,305.127197,295.390045,13212481
5/8/2012,304.731445,306.265015,291.869415,293.254547,283.89624,10848195
5/9/2012,288.851776,294.144989,286.328827,289.742218,280.496033,11324380
5/10/2012,290.929504,293.996582,284.053253,286.130951,276.999969,6723272
5/11/2012,284.993164,298.696198,284.993164,294.342865,284.94986,8032875
5/14/2012,295.826965,297.459442,282.618622,287.516113,278.340942,7124356
5/15/2012,284.943695,289.395935,281.629242,287.268768,278.101471,9218412
5/16/2012,273.961487,274.109894,264.9086,266.145325,257.65213,23292626
5/17/2012,265.749573,272.972107,260.852112,268.272522,259.711456,13815822
5/18/2012,262.187775,263.86972,253.283279,257.141907,248.93605,12727154
5/21/2012,257.438721,261.44574,255.360992,259.071198,250.803757,7933464
5/22/2012,264.067596,266.788422,260.604767,262.286713,253.916641,8598735
5/23/2012,259.318542,262.632996,256.746155,258.675446,250.420639,7857292
5/24/2012,260.011108,265.205414,254.173737,264.166534,255.736481,8885965
5/25/2012,262.92981,268.915619,259.565887,266.194794,257.700043,5253962
5/28/2012,267.827271,274.703522,265.205414,273.664673,264.931549,8186826
5/29/2012,277.919037,280.095703,270.152344,272.8237,264.117401,12691931
5/30/2012,256.251434,257.042969,238.986633,240.470718,232.79686,40931062
5/31/2012,235.375366,236.562622,227.856018,230.527359,223.170822,37837266
6/1/2012,232.506134,233.495529,220.188263,222.167038,215.077255,24109675
6/4/2012,218.011612,227.954956,214.944504,226.421402,219.195877,18637993
6/5/2012,225.778305,226.916092,218.704178,219.297806,212.299606,15562153
6/6/2012,220.781891,233.891281,220.781891,231.912506,224.511734,27016727
6/7/2012,233.050308,236.364746,229.587448,233.94075,226.475281,13735046
6/8/2012,231.516754,237.40361,230.428421,236.661575,229.109268,10482024
6/11/2012,238.442459,241.36116,231.121002,233.000839,225.565369,9973988
6/12/2012,230.230545,241.212753,230.082138,240.371765,232.701065,13088053
6/13/2012,241.410629,241.410629,233.742874,234.880676,227.385208,9961504
6/14/2012,235.474304,236.90892,223.205887,224.29422,217.136581,12796631
6/15/2012,225.679367,238.887695,225.679367,237.749893,230.162857,16572219
6/18/2012,240.421234,245.368179,231.764099,235.424835,227.912003,18359404
6/19/2012,236.463684,240.025482,233.742874,235.622711,228.103561,10551632
6/20/2012,238.442459,244.774551,237.453079,243.339935,235.574509,13310576
6/21/2012,242.350555,247.149078,240.074951,245.566055,237.729599,11344719
6/22/2012,242.251602,248.534225,239.728668,244.477737,236.675995,12999744
6/25/2012,245.763931,249.226791,242.400024,243.58728,235.813965,11474845
6/26/2012,242.894714,246.159698,241.509567,244.08197,236.292862,4864293
6/27/2012,245.368179,246.505981,235.721649,236.661575,229.109268,9351574
6/28/2012,236.265808,239.431854,230.280014,237.799362,230.210754,14884028
6/29/2012,240.421234,243.636749,237.947769,239.877075,232.222137,13286035
7/2/2012,237.205734,239.877075,235.029083,235.424835,227.912003,9325132
7/3/2012,237.799362,238.838226,232.605072,235.029083,227.52887,9242399
7/4/2012,235.622711,238.689819,233.050308,233.693405,226.235809,10654075
7/5/2012,233.693405,238.096176,232.060913,237.453079,229.875519,11523077
7/6/2012,238.442459,241.113815,234.880676,238.096176,230.498093,12442040
7/9/2012,235.67218,240.718063,235.67218,238.294052,230.689636,10330684
7/10/2012,239.877075,245.763931,239.283447,243.884094,236.101303,12579287
7/11/2012,241.707443,243.686218,237.255203,238.887695,231.264343,8793244
7/12/2012,237.947769,238.244583,233.297653,234.287033,226.810501,9513820
7/13/2012,233.495529,235.968994,231.764099,233.44606,225.996368,8303185
7/16/2012,234.979614,235.771118,226.174057,226.817154,219.578995,8741929
7/17/2012,229.439041,229.884262,222.859604,223.502716,216.370331,12015166
7/18/2012,221.375519,221.523941,216.082306,219.248337,216.077789,11897419
7/19/2012,222.117569,224.096344,221.424988,222.414383,219.198044,6677436
7/20/2012,221.622879,223.05748,219.693573,221.029236,217.832916,3940979
7/23/2012,218.555771,218.654709,212.718384,213.757233,210.666107,5761220
7/24/2012,214.202469,215.488663,211.085892,213.559357,210.4711,7368372
7/25/2012,211.432175,212.91626,208.859772,210.739609,207.692108,6799635
7/26/2012,209.849152,211.036423,200.895203,202.923447,199.988983,14572162
7/27/2012,208.266144,213.114136,206.979935,210.591202,207.545837,11852257
7/30/2012,214.103531,220.435608,213.064667,219.347275,216.175293,9094027
7/31/2012,219.644104,224.591034,214.845566,223.848999,220.611938,11297966
8/1/2012,222.167038,227.26239,220.83136,224.937317,221.684509,10425962
8/2/2012,223.700592,224.591034,219.248337,220.33667,217.150391,5808700
8/3/2012,218.654709,219.644104,213.856171,218.60524,215.444,7327872
8/6/2012,224.096344,227.509735,223.700592,226.619278,223.342148,7596745
8/7/2012,228.894867,236.958389,228.647522,236.265808,232.849167,12277598
8/8/2012,237.601486,243.191528,237.156265,238.937164,235.481888,15104047
8/9/2012,239.827606,243.389404,229.191696,236.760513,233.336731,29687040
8/10/2012,233.792343,234.385971,228.301239,229.48851,226.169876,11210638
8/13/2012,228.647522,229.043274,221.32605,225.827774,222.562073,9158452
8/14/2012,225.085724,233.396591,225.085724,232.506134,229.14386,8542236
8/16/2012,232.555603,237.205734,229.735855,232.95137,229.582657,12083860
8/17/2012,234.188095,240.718063,234.039688,237.650955,234.214279,12816446
8/21/2012,238.541397,244.626144,238.541397,243.58728,240.064774,9961580
8/22/2012,242.053726,247.248016,241.410629,245.467117,241.917404,8780180
8/23/2012,244.873489,245.664993,241.014877,242.696838,239.187195,10646487
8/24/2012,240.421234,245.8134,238.838226,243.438873,239.918518,8630281
8/27/2012,243.290466,244.08197,237.650955,238.491928,235.043106,6697001
8/28/2012,236.859451,237.848831,232.654541,234.781738,231.386566,7092818
8/29/2012,234.484909,234.484909,229.636917,230.923111,227.583725,6451372
8/30/2012,228.696991,236.661575,227.361328,234.237564,230.850266,8955071
8/31/2012,234.089157,235.67218,228.202301,231.813568,228.461319,6881868
9/3/2012,233.693405,236.859451,226.223526,228.449646,225.146042,8998041
9/4/2012,228.350708,233.000839,227.707611,232.357727,228.997604,6006269
9/5/2012,229.933731,232.70401,225.184662,226.272995,223.000854,6181538
9/6/2012,224.393158,232.308258,222.661728,230.576828,227.242462,9322795
9/7/2012,236.958389,241.559036,236.018463,240.718063,237.237045,13411363
9/8/2012,null,null,null,null,null,null
9/10/2012,242.5979,247.198547,240.025482,246.258636,242.697495,8956200
9/11/2012,243.389404,248.237411,243.09259,247.149078,243.575058,8887159
9/12/2012,248.336349,261.495209,248.28688,260.45636,256.689911,14929009
9/13/2012,261.594147,261.643616,254.866302,256.647217,252.935867,8498861
9/14/2012,262.187775,269.113495,260.307922,267.431519,263.564209,14965006
9/17/2012,273.367859,286.229889,271.784821,274.901398,270.926056,22424239
9/18/2012,272.378479,275.495026,269.657654,270.597565,266.684479,11982766
9/20/2012,266.145325,275.495026,264.9086,268.717743,264.831818,12655817
9/21/2012,269.608185,274.258301,268.025177,272.526886,268.585907,14142394
9/24/2012,271.883789,276.929657,269.410309,270.795441,266.879456,11404905
9/25/2012,271.290131,272.972107,263.671844,266.046387,262.199097,6942239
9/26/2012,263.86972,265.601166,259.615356,260.307922,256.54361,6749862
9/27/2012,261.44574,264.364441,255.855698,257.042969,253.325867,10587573
9/28/2012,261.396271,269.113495,260.357391,264.710724,260.882721,11663992
10/1/2012,265.155945,273.268921,265.155945,271.784821,267.854523,9521185
10/3/2012,272.081665,273.071045,267.332581,270.597565,266.684479,9234921
10/4/2012,272.32901,276.039215,270.251282,271.389069,267.464478,7662621
10/5/2012,273.565735,279.502075,217.121155,277.572754,273.558777,17278699
10/8/2012,278.463196,280.689331,268.124115,269.558716,265.660614,7672267
10/9/2012,272.279541,275.29715,263.276093,266.837891,262.979156,7948882
10/10/2012,264.265503,270.102875,263.770782,264.611786,260.785217,7446704
10/11/2012,265.848511,271.982727,262.385651,270.894379,266.976959,7936504
10/12/2012,270.894379,271.438538,267.035767,268.37146,264.49054,7601135
10/15/2012,267.777802,268.37146,263.375031,266.541077,262.686646,4803032
10/16/2012,262.187775,263.127686,258.428101,259.516418,255.76358,9626107
10/17/2012,262.187775,264.859131,258.230225,262.088837,258.298767,7653892
10/18/2012,263.177155,268.915619,263.177155,267.38205,263.515472,6699061
10/19/2012,267.134705,270.498627,263.721313,266.145325,262.2966,3971067
10/22/2012,264.661255,265.848511,261.792023,264.216003,260.395142,4518858
10/23/2012,263.177155,264.314972,260.307922,261.792023,258.006226,3154106
10/25/2012,261.792023,262.731934,257.48819,258.47757,254.739746,7612764
10/29/2012,259.318542,261.544678,251.50238,254.02533,250.351868,4740882
10/30/2012,254.421082,255.014709,242.400024,245.021896,241.478653,9663502
10/31/2012,245.368179,252.590714,245.120834,252.046555,248.401718,9220851
11/1/2012,254.272675,266.689484,254.272675,264.611786,260.785217,10581994
11/2/2012,269.113495,269.113495,262.286713,267.184174,263.320435,11189638
11/5/2012,267.134705,271.784821,263.721313,266.936829,263.076691,7893034
11/6/2012,266.145325,269.558716,262.286713,264.117065,260.297699,9670450
11/7/2012,263.968658,270.449158,263.721313,266.491608,262.637909,9780477
11/8/2012,264.661255,282.470215,262.484589,280.936676,276.874054,24674466
11/9/2012,280.986145,281.579773,276.138153,277.622223,273.607513,7264686
11/11/2012,null,null,null,null,null,null
11/12/2012,275.989746,280.887207,275.148743,277.77063,273.753784,7007130
11/15/2012,270.102875,271.883789,266.936829,269.36084,265.465637,13209072
11/16/2012,270.102875,271.389069,260.208984,262.187775,258.396271,7400661
11/19/2012,262.43512,264.314972,259.219604,261.297333,257.518677,6687932
11/20/2012,265.205414,267.480988,258.922791,263.276093,259.468872,6937720
11/21/2012,264.067596,265.155945,261.198395,262.682465,258.883789,5341383
11/22/2012,261.44574,265.551697,254.668427,256.004089,252.302017,7592394
11/23/2012,253.283279,259.071198,253.283279,257.735535,254.008423,8584881
11/26/2012,259.219604,264.364441,258.97226,260.40686,256.641144,7711505
11/27/2012,261.544678,265.057007,260.95105,263.820251,260.005157,8565140
11/29/2012,265.155945,276.731781,264.760193,275.495026,271.511108,20224810
11/30/2012,275.049805,280.986145,269.064026,270.548096,266.635681,71756552
12/3/2012,270.102875,273.862549,268.223053,269.212433,265.319366,9740016
12/4/2012,270.35022,272.477417,266.442139,268.668274,264.783081,6787421
12/5/2012,269.212433,276.039215,269.212433,272.032196,268.098358,10690761
12/6/2012,274.357239,278.957886,270.943848,277.869568,273.851318,10675043
12/7/2012,278.314789,284.449005,276.088684,278.908417,274.875122,12945998
12/10/2012,280.343048,283.113312,275.049805,276.979126,272.973755,9616075
12/11/2012,278.166382,279.848358,270.300751,275.148743,271.1698,9112658
12/12/2012,276.039215,277.77063,271.982727,273.565735,269.609741,7716295
12/13/2012,279.205231,287.268768,278.364258,284.844757,280.725616,19676825
12/14/2012,284.449005,291.077911,281.629242,289.000183,284.820984,12382276
12/17/2012,289.791687,292.660919,288.010803,290.929504,286.722382,8384957
12/18/2012,293.650299,297.261566,290.880005,295.183868,290.915192,14616479
12/19/2012,296.816345,305.325073,296.321655,304.4841,300.080963,11758081
12/20/2012,304.533569,305.918701,299.289825,301.664337,297.302002,8167302
12/21/2012,297.360504,299.932922,294.441803,296.222717,291.939056,5492708
12/24/2012,298.201477,307.105988,293.947113,303.692596,299.300903,9931563
12/26/2012,302.159027,305.176666,300.52655,302.851624,298.472107,4879983
12/27/2012,303.742065,310.667786,301.713806,305.918701,301.494812,13238093
12/28/2012,307.402802,309.084747,304.929321,306.759705,302.323669,7661891
12/31/2012,306.215546,310.46991,306.215546,309.332092,304.858856,3575899
1/1/2013,312.646545,314.92215,311.162476,313.38858,308.856689,3980484
1/2/2013,315.120026,317.544037,312.89389,314.625336,310.075531,6929285
1/3/2013,316.604095,318.335541,313.784363,314.724274,310.173065,6165017
1/4/2013,315.120026,315.120026,309.876282,312.052917,307.540344,8965650
1/7/2013,314.42746,315.218964,309.282623,309.925751,305.443939,4943021
1/8/2013,310.667786,312.992828,309.826782,310.816193,306.321503,7304340
1/9/2013,315.614716,326.844269,315.565247,323.876099,319.192535,16678960
1/10/2013,327.982056,333.819458,327.141083,330.158722,325.384277,12753232
1/11/2013,331.296509,332.582703,323.33194,326.893738,322.166534,7367759
1/14/2013,327.734711,329.416687,323.381409,324.222382,319.533783,7210052
1/15/2013,326.399048,330.109253,324.420258,328.031525,323.287872,6790183
1/16/2013,326.003296,326.399048,315.120026,316.653564,312.074463,12745712
1/17/2013,320.660583,327.734711,320.660583,325.459137,320.752686,10058966
1/18/2013,326.596924,328.872528,322.540436,325.063385,320.36264,5015295
1/21/2013,325.607544,326.497986,318.830231,319.819611,315.194702,3909899
1/22/2013,320.017487,321.105804,311.953979,315.169495,310.611847,6102524
1/23/2013,313.635925,315.317902,306.809174,309.727844,305.248871,7285144
1/24/2013,283.657501,292.858795,278.809479,290.335846,286.137329,36895208
1/25/2013,291.770477,301.664337,287.070862,297.805725,293.499176,15546885
1/28/2013,297.805725,306.908112,297.162628,305.275604,300.861023,10711327
1/29/2013,302.752686,312.547607,299.784515,301.02124,296.668152,13434477
1/30/2013,299.883453,300.773895,294.985992,296.024841,291.744019,8020234
1/31/2013,294.194458,296.618469,291.869415,294.837585,290.573975,7071041
2/1/2013,294.639679,297.311035,265.40329,278.661072,274.631348,17259036
2/4/2013,289.940094,293.749237,286.328827,288.901245,284.723419,11186459
2/5/2013,285.933075,288.258148,281.975525,284.152191,280.043091,6279891
2/6/2013,286.724579,287.16983,281.035614,283.162781,279.067963,6908199
2/7/2013,282.371277,287.713989,282.272339,285.537323,281.408142,5762713
2/8/2013,288.901245,292.067291,281.678711,282.371277,278.287933,10002314
2/11/2013,286.922455,289.198059,285.438385,287.812927,283.650879,5212706
2/12/2013,291.12738,296.667938,288.357086,295.381744,291.11026,6687500
2/13/2013,305.770294,308.688995,299.883453,301.466461,297.106934,9919800
2/14/2013,301.763275,302.752686,291.62207,294.046051,289.793854,7547699
2/15/2013,284.993164,302.653748,284.943695,301.219116,296.86319,12615814
2/18/2013,301.416992,304.929321,298.399353,302.55481,298.179596,8381949
2/19/2013,302.257965,305.226135,300.03186,303.49472,299.105896,5444056
2/20/2013,303.98941,305.96817,298.300415,300.724426,296.375671,7103039
2/21/2013,297.904663,298.498322,292.166229,294.392334,290.135132,7695041
2/22/2013,291.819946,294.392334,286.774048,289.791687,285.601013,8354663
2/25/2013,293.650299,298.05307,291.968353,295.975372,291.695282,5979261
2/26/2013,291.671539,292.759857,282.569153,286.328827,282.188232,9178538
2/27/2013,286.971924,287.763458,278.562134,283.21225,279.11676,8834384
2/28/2013,290.13797,290.13797,277.572754,284.498474,280.384338,14609922
3/1/2013,287.911865,290.088501,278.710541,285.339447,281.213165,15816820
3/4/2013,285.933075,289.346466,282.71756,286.67511,282.529541,9775545
3/5/2013,287.466644,299.190887,287.466644,297.311035,293.011597,13305765
3/6/2013,299.883453,308.144836,299.438232,306.116608,301.68988,14142959
3/7/2013,303.742065,304.830383,299.339294,302.653748,298.2771,9946359
3/8/2013,302.653748,304.632507,297.459442,300.576019,296.22937,7530733
3/11/2013,301.169647,303.643127,296.915283,298.349884,294.035461,5816185
3/12/2013,303.0495,304.681976,298.300415,301.466461,297.106934,7992772
3/13/2013,302.752686,302.901093,293.848175,297.805725,293.499176,9409055
3/14/2013,295.826965,299.487701,289.890625,297.805725,293.499176,8530551
3/15/2013,297.756256,298.05307,286.922455,288.010803,283.845856,9581779
3/18/2013,286.823517,286.922455,282.074463,283.805908,279.701813,5963578
3/19/2013,285.042633,286.872986,275.396088,278.611603,274.582611,9587224
3/20/2013,278.611603,283.70697,273.565735,282.618622,278.531677,9664586
3/21/2013,281.134552,281.184021,266.788422,270.696503,266.782013,11868436
3/22/2013,271.982727,275.346619,262.286713,267.480988,263.612946,12958381
3/25/2013,270.548096,272.873169,265.996918,267.87674,264.00296,8422537
3/26/2013,268.618805,274.950867,263.523438,272.873169,268.927155,9475104
3/28/2013,269.608185,270.102875,263.968658,266.293732,262.442871,14679776
4/1/2013,264.117065,264.611786,259.318542,262.682465,258.883789,5474334
4/2/2013,259.813232,265.89798,255.806229,264.364441,260.541473,10570395
4/3/2013,263.226624,264.166534,252.986465,254.470551,250.79068,13154097
4/4/2013,253.332748,260.654236,251.749725,254.96524,251.278214,9469654
4/5/2013,254.816833,258.625977,249.127853,252.491776,248.840485,8796642
4/8/2013,255.113647,258.032349,250.513,253.975861,250.303101,4790263
4/9/2013,256.251434,262.731934,256.251434,260.060577,256.299866,14757966
4/10/2013,261.198395,266.145325,254.96524,265.155945,261.321503,7410152
4/11/2013,275.049805,278.413727,272.526886,275.198212,271.218567,14232233
4/12/2013,271.83432,277.374878,269.311371,272.230072,268.293335,5438703
4/15/2013,267.530457,269.410309,261.297333,266.145325,262.2966,7842745
4/16/2013,262.187775,269.558716,260.011108,268.074646,264.197998,6584166
4/17/2013,271.141724,272.131134,266.046387,268.321991,264.441803,9809091
4/18/2013,265.452759,281.381897,264.661255,279.452606,275.411469,10865859
4/22/2013,280.24411,284.498474,278.76001,282.22287,278.141663,6589410
4/23/2013,281.184021,281.480835,274.060425,278.512665,274.485077,4353427
4/25/2013,282.470215,292.908264,281.72818,290.187439,285.991058,9855500
4/26/2013,290.880005,294.837585,287.120361,293.155609,288.916321,8141858
4/29/2013,291.523132,295.57962,288.950714,293.007202,288.77005,5102563
4/30/2013,293.056671,297.805725,288.010803,296.816345,292.524109,8048396
5/2/2013,292.561981,297.607849,288.950714,294.194458,289.940094,9283384
5/3/2013,290.830536,291.226318,281.530304,282.569153,278.48291,8493169
5/6/2013,281.975525,290.236908,279.848358,287.961334,283.797119,7899580
5/7/2013,289.445404,297.508911,289.445404,295.233337,290.963989,5538329
5/8/2013,296.717407,302.505341,295.431213,297.06369,292.767853,6528547
5/9/2013,297.805725,300.52655,291.968353,296.915283,292.621643,5637191
5/10/2013,296.915283,306.710236,296.07431,305.770294,301.348572,7473050
5/13/2013,302.406403,306.51236,292.759857,294.293396,290.037598,3826127
5/14/2013,294.639679,300.625488,292.265167,297.113159,292.816589,6771202
5/15/2013,299.240356,308.639526,298.894073,305.572418,301.153534,8505170
5/16/2013,303.742065,306.166077,299.091949,300.427612,296.08313,5241812
5/17/2013,298.05307,305.127197,297.607849,300.130798,295.790649,7050707
5/20/2013,302.356934,312.844421,296.816345,298.844604,294.52301,9370712
5/21/2013,298.300415,299.883453,288.901245,289.841156,285.64978,7548763
5/22/2013,292.957733,294.985992,285.933075,288.060272,283.894623,6000824
5/23/2013,284.251129,290.484253,282.22287,287.961334,283.797119,8006116
5/24/2013,289.395935,293.007202,279.848358,285.042633,280.920624,9198727
5/27/2013,283.558563,292.759857,282.123932,291.374725,287.161133,5573830
5/28/2013,290.880005,295.431213,287.516113,292.660919,288.428741,7200695
5/29/2013,295.826965,302.109558,292.413574,300.576019,296.22937,10779034
5/30/2013,311.657166,315.713654,307.50174,313.685425,309.1492,15049731
5/31/2013,312.89389,316.109406,308.787933,309.97522,305.492706,6906041
6/3/2013,306.462891,312.448669,304.137817,310.717255,306.223969,8077455
6/4/2013,306.710236,314.42746,299.735046,302.851624,298.472107,7869007
6/5/2013,301.318054,306.710236,300.477081,304.038879,299.642181,5727698
6/6/2013,300.773895,306.413422,300.773895,303.445251,299.057129,5575044
6/7/2013,302.257965,306.611298,294.837585,298.696198,294.37677,5902315
6/10/2013,298.349884,300.576019,289.296997,292.908264,288.672546,6544044
6/11/2013,293.254547,294.392334,285.68573,290.039032,285.844818,9852423
6/12/2013,287.911865,293.353485,286.922455,290.434784,286.234802,6532087
6/13/2013,287.318237,287.318237,277.127533,279.947296,275.899017,7930995
6/14/2013,285.933075,295.233337,284.350067,293.650299,289.403839,7692355
6/17/2013,293.650299,297.409973,285.487854,296.272186,291.987823,7282859
6/18/2013,294.837585,296.321655,289.890625,294.441803,290.183899,8346448
6/19/2013,291.869415,292.61145,287.66452,289.000183,284.820984,4863850
6/20/2013,284.053253,289.14859,280.343048,285.68573,281.554443,13570927
6/21/2013,281.975525,286.18042,279.155762,284.003784,279.89679,8484907
6/24/2013,281.975525,284.597412,277.523285,280.887207,276.825287,9803184
6/25/2013,280.24411,281.72818,269.212433,278.463196,274.43634,12782945
6/26/2013,278.017975,279.74942,266.293732,269.756592,265.855652,10490521
6/27/2013,271.636414,274.505646,260.307922,267.431519,263.564209,21327052
6/28/2013,272.279541,279.007355,272.279541,278.314789,274.29007,8200858
7/1/2013,275.049805,287.961334,274.060425,286.724579,282.578278,7853378
7/2/2013,283.954315,285.19104,279.007355,283.410156,279.311768,6371655
7/3/2013,279.155762,286.279358,274.80246,281.184021,277.117798,10618339
7/4/2013,282.964905,290.63266,279.2547,289.198059,285.015991,7101124
7/5/2013,292.858795,295.134399,289.989563,293.056671,288.818787,6451932
7/8/2013,285.834137,286.427765,279.304169,284.745819,280.628113,7421045
7/9/2013,285.438385,287.367706,281.629242,286.032013,281.895691,7151284
7/10/2013,284.646881,285.438385,277.820099,281.035614,276.971527,9992393
7/11/2013,284.646881,288.505493,279.74942,281.876587,277.800354,5973509
7/12/2013,282.173401,291.176849,282.074463,289.395935,285.210999,8685593
7/15/2013,287.713989,288.703369,283.014374,285.388916,281.261902,5369818
7/16/2013,280.986145,289.247528,278.710541,288.456024,284.284637,7012019
7/17/2013,287.565582,287.961334,279.304169,282.22287,278.141663,5431074
7/18/2013,281.579773,285.042633,277.77063,283.855377,279.750549,5264223
7/19/2013,283.954315,294.441803,283.954315,291.523132,287.307434,6314977
7/22/2013,290.880005,297.607849,290.187439,294.689178,290.427673,5387381
7/23/2013,295.035461,298.300415,291.12738,295.629089,291.353973,7396291
7/24/2013,294.837585,297.756256,291.572601,294.144989,289.891357,4847043
7/25/2013,294.837585,300.03186,291.572601,296.717407,292.426575,8189806
7/26/2013,297.805725,298.448822,284.251129,286.872986,282.724518,4301036
7/29/2013,284.943695,293.848175,284.943695,292.61145,288.380005,4637896
7/30/2013,292.809326,294.491272,279.304169,281.876587,279.691772,6450196
7/31/2013,279.502075,289.395935,275.049805,287.417175,285.189392,6140049
8/1/2013,288.406555,290.583191,281.184021,285.883606,283.667725,4108886
8/2/2013,284.745819,288.802307,279.2547,287.367706,285.14032,5585970
8/5/2013,287.16983,298.795135,276.237091,281.72818,279.544525,6432230
8/6/2013,281.431366,285.834137,277.424347,284.498474,282.293335,8021889
8/7/2013,281.085083,283.70697,268.915619,275.940277,273.801483,19514500
8/8/2013,282.470215,290.187439,272.378479,275.841339,273.703308,16320666
8/12/2013,279.007355,282.371277,275.29715,278.314789,276.157562,6924266
8/13/2013,277.919037,290.880005,273.120514,287.763458,285.53302,12221945
8/14/2013,295.08493,320.957397,295.035461,315.713654,313.266602,22815260
8/16/2013,314.130646,319.968018,308.045898,310.618317,308.210724,15776944
8/19/2013,303.939941,305.47348,294.243927,298.498322,296.184662,9729411
8/20/2013,293.848175,295.233337,282.569153,284.894226,282.686005,11309909
8/21/2013,287.713989,291.473663,275.593964,280.343048,278.170135,6701845
8/22/2013,280.986145,291.770477,280.986145,288.851776,286.612885,10558499
8/23/2013,291.869415,301.367523,290.978973,297.756256,295.448364,10360596
8/26/2013,298.300415,301.070709,290.385315,294.936523,292.650482,5473629
8/27/2013,291.869415,292.364105,284.69635,286.971924,284.74762,6685315
8/28/2013,286.971924,296.321655,283.261719,294.788116,292.503204,10516418
8/29/2013,296.321655,305.720825,292.166229,302.752686,300.406067,10606219
8/30/2013,304.780914,305.424011,290.385315,296.07431,293.779449,6446936
9/2/2013,292.858795,298.795135,288.950714,296.519531,294.221222,6626720
9/3/2013,298.795135,308.045898,292.512512,294.194458,291.914154,8253806
9/4/2013,299.190887,310.420441,297.06369,308.392181,306.001862,7834512
9/5/2013,312.696014,320.907928,311.310883,314.724274,312.284882,8818699
9/6/2013,314.92215,316.604095,308.886871,314.42746,311.990356,5228061
9/10/2013,316.703033,349.600189,316.703033,345.889984,343.209015,19224771
9/11/2013,344.801666,346.829895,332.632202,336.837097,334.226257,9215459
9/12/2013,338.271698,338.370636,326.003296,329.911377,327.354248,6661518
9/13/2013,328.476746,334.7099,326.596924,330.505005,327.943268,5971621
9/16/2013,335.402466,337.18338,321.402649,327.833649,325.292633,5795207
9/17/2013,325.508606,334.066803,324.766541,331.494385,328.924988,4927964
9/18/2013,337.381256,337.381256,329.416687,333.275299,330.692078,6614676
9/19/2013,341.14093,347.819275,337.777008,345.444763,342.767242,9417331
9/20/2013,341.239868,351.084259,328.872528,334.759369,332.164673,11725374
9/23/2013,334.066803,337.727539,327.586304,330.307129,327.746918,3980816
9/24/2013,330.950226,338.617981,330.603943,333.522644,330.9375,8949693
9/25/2013,335.501404,343.762787,335.501404,340.448364,337.80957,9778598
9/26/2013,338.66745,343.61438,337.381256,339.904175,337.269592,4884351
9/27/2013,339.360016,342.526062,334.759369,336.490814,333.88269,3361138
9/30/2013,334.512024,335.897156,326.497986,328.971466,326.421631,3529492
10/1/2013,329.367218,336.19397,326.7948,332.088013,329.514008,5084572
10/3/2013,332.137482,344.653259,330.554474,342.278717,339.625763,8317379
10/4/2013,341.338806,360.92868,340.745178,346.335205,343.650757,12392631
10/7/2013,346.285736,349.05603,339.854706,344.208038,341.54007,5579954
10/8/2013,348.462402,355.585999,346.08786,346.829895,344.141632,7376181
10/9/2013,347.07724,352.568359,346.285736,350.441162,347.724884,8902894
10/10/2013,350.243286,369.882629,348.363464,367.705994,364.855927,12500036
10/11/2013,371.020447,385.465485,364.638885,381.211121,378.256378,18217505
10/14/2013,382.002625,389.126221,381.606873,386.306488,383.312225,7250344
10/15/2013,386.70224,388.829407,378.24295,384.72345,381.741486,8382534
10/17/2013,381.359528,381.359528,366.667114,369.437408,366.573914,10044506
10/18/2013,372.553986,377.74826,370.525726,375.621094,372.709686,7006105
10/21/2013,375.967377,387.345337,374.631714,376.016846,373.102356,6983295
10/22/2013,376.363129,381.013245,372.108765,375.967377,373.053253,5220688
10/23/2013,377.105164,378.29245,364.193665,370.674164,367.801086,6433606
10/24/2013,373.098145,380.617493,370.426788,375.274811,372.366089,7415137
10/25/2013,374.087524,375.373749,368.645905,372.257172,369.371826,2997007
10/28/2013,373.147614,377.74826,370.129974,373.592834,370.697113,3457771
10/29/2013,373.691772,380.122803,371.020447,377.599854,374.673096,5728430
10/30/2013,378.935547,380.073334,373.197083,375.571625,372.660583,5382081
10/31/2013,375.967377,382.299469,375.175873,377.105164,374.18222,9207354
11/1/2013,379.924927,384.871857,379.133423,380.518555,377.569153,4537774
11/5/2013,382.893097,396.695038,382.893097,391.105011,388.073578,9161527
11/6/2013,393.083771,396.546631,385.861267,386.900116,383.901276,6589128
11/7/2013,386.751709,390.709259,373.34549,376.115784,373.2005,5746480
11/8/2013,374.780121,386.850647,367.310242,380.073334,377.127411,12795552
11/11/2013,375.967377,381.903687,370.525726,373.098145,370.206268,10867678
11/12/2013,373.79071,375.32428,354.299774,356.179626,353.418884,8371308
11/13/2013,358.158386,365.529327,358.158386,362.313812,359.505554,7569112
11/14/2013,368.151215,384.129822,368.151215,382.942566,379.974365,12412670
11/18/2013,383.882477,389.818817,377.995605,388.087372,385.079346,11666439
11/19/2013,390.808197,391.550232,382.992035,387.19693,384.19577,4708349
11/20/2013,384.673981,388.235779,380.320679,381.903687,378.943573,4937027
11/21/2013,379.331299,382.398407,377.30304,379.083954,376.14566,3671278
11/22/2013,380.666962,380.666962,368.052277,370.179443,367.310181,6255613
11/25/2013,373.197083,382.992035,373.197083,382.052124,379.090881,3853065
11/26/2013,383.536194,387.246399,375.027466,386.108612,383.115906,5239356
11/27/2013,389.324097,395.656189,388.433655,394.963623,391.902283,6778369
11/28/2013,398.822235,400.751526,390.412445,393.677429,390.626068,9209776
11/29/2013,394.765747,397.58551,391.105011,394.468933,391.411438,4868508
12/2/2013,393.776367,399.56427,391.896515,395.656189,392.589478,7712473
12/3/2013,396.744507,399.415863,391.006073,394.815216,391.755035,7643867
12/4/2013,393.083771,396.546631,386.454895,388.483124,385.472015,4973951
12/5/2013,396.249817,396.744507,384.080353,386.158081,383.164978,5074094
12/6/2013,382.893097,390.412445,381.854218,386.751709,383.753998,4703974
12/9/2013,398.228607,398.327545,385.366547,389.274628,386.257385,7931898
12/10/2013,390.610321,392.193329,385.21814,386.553833,383.557678,7677943
12/11/2013,381.112183,382.645752,372.108765,373.79071,370.893494,8412969
12/12/2013,370.129974,370.129974,355.190216,356.624847,353.860657,15588961
12/13/2013,360.236115,367.953339,359.543549,366.419769,363.579651,8694409
12/16/2013,364.094727,367.161835,361.967529,364.144196,361.321747,4804778
12/17/2013,367.755463,370.970978,360.780273,362.956909,360.143646,7048915
12/18/2013,363.105347,366.91449,358.653076,364.589417,361.763519,8827030
12/19/2013,368.052277,369.041656,360.186646,365.628265,362.794312,7497623
12/20/2013,363.402161,372.504517,363.402161,369.734222,366.868408,5363939
12/23/2013,369.83316,374.433807,369.140594,371.663544,368.782806,3263969
12/24/2013,371.713013,372.009827,367.557587,368.695374,365.837646,2297787
12/26/2013,369.041656,372.553986,364.094727,366.320831,363.481476,5597813
12/27/2013,367.161835,370.426788,364.985168,367.953339,365.101379,3337688
12/30/2013,370.179443,374.087524,368.39856,370.822571,367.948334,3732808
12/31/2013,370.129974,374.087524,370.129974,372.405579,369.519104,4388182
1/1/2014,373.543365,374.780121,370.080505,370.970978,368.095612,1364747
1/2/2014,370.970978,372.207703,365.281982,368.39856,365.543121,3015089
1/3/2014,364.094727,364.094727,356.179626,358.850952,356.06955,5004049
1/6/2014,363.600037,366.568176,360.335052,363.055847,360.241791,5490077
1/7/2014,363.105347,366.073486,359.889832,361.225494,358.425659,4020899
1/8/2014,361.225494,367.656525,360.681335,366.320831,363.481476,5455728
1/9/2014,368.250153,368.448029,361.126556,364.045258,361.223541,3603790
1/10/2014,366.073486,366.667114,361.621246,363.105347,360.290924,3100755
1/13/2014,368.695374,375.423218,367.804932,372.158234,369.273651,6706639
1/14/2014,371.119385,371.515137,364.193665,367.854401,365.003174,3272370
1/15/2014,370.031036,374.136993,368.744843,373.296021,370.402618,4846708
1/16/2014,374.977997,374.977997,362.90744,365.826141,362.990662,7788351
1/17/2014,363.600037,369.932098,363.154816,365.776672,362.941559,5000974
1/20/2014,367.112366,372.751862,366.568176,370.921509,368.046539,3246922
1/21/2014,371.020447,383.684601,368.250153,380.716431,377.765533,5781491
1/22/2014,377.401978,383.387787,376.016846,382.002625,379.041779,5654756
1/23/2014,381.161652,384.871857,376.659943,379.529175,376.587433,3790225
1/24/2014,374.977997,377.995605,364.88623,366.469238,363.628723,3620342
1/27/2014,359.147766,359.147766,341.882965,344.554321,341.883698,9238425
1/28/2014,341.833496,355.585999,341.833496,352.469421,349.737488,6612172
1/29/2014,356.278564,358.702545,346.829895,348.017181,345.319702,3287502
1/30/2014,345.59317,363.600037,345.296356,357.911041,355.136902,9116541
1/31/2014,354.596588,354.596588,343.317566,345.840515,343.159943,6933187
2/3/2014,343.317566,346.038391,332.038544,332.830078,330.250336,5637192
2/4/2014,328.575684,343.020752,328.575684,342.179779,339.527557,11461601
2/5/2014,339.360016,354.695526,335.946625,351.331604,348.608459,9438000
2/6/2014,349.303375,356.426971,345.296356,353.854553,351.111816,8085726
2/7/2014,356.179626,359.147766,352.321014,356.377502,353.615234,5491087
2/10/2014,361.126556,363.501099,354.200836,360.186646,357.394836,6579782
2/11/2014,377.006226,378.638733,366.716583,370.525726,367.653809,15829803
2/12/2014,372.009827,378.935547,371.168854,372.652924,369.764496,7803372
2/13/2014,375.967377,379.380768,370.723633,371.960358,369.077332,6825757
2/14/2014,376.165253,385.861267,376.165253,384.673981,381.692413,6760699
2/17/2014,387.889496,391.253418,380.172272,382.497345,379.532623,8642839
2/18/2014,383.833008,390.066162,381.211121,387.246399,384.244873,6076398
2/19/2014,387.840027,388.829407,383.783539,387.345337,384.343048,3946755
2/20/2014,387.345337,390.808197,385.267609,387.69162,384.686646,6735367
2/21/2014,390.808197,393.578491,388.681,391.995453,388.957123,6397085
2/24/2014,392.836426,396.5961,390.016693,392.341736,389.30072,5249755
2/25/2014,394.765747,395.458313,389.373566,394.271057,391.215088,3064479
2/26/2014,392.885895,398.278076,391.847046,396.942383,393.865692,7317594
2/28/2014,405.649017,413.761993,400.05896,412.525269,409.32782,12677990
3/3/2014,410.595947,410.595947,403.917572,406.341583,403.192047,6684037
3/4/2014,406.885742,416.235443,401.493591,408.518219,405.351837,5615889
3/5/2014,410.595947,411.783203,402.829254,405.253265,402.112183,4045134
3/6/2014,407.133087,407.924591,400.108429,404.115448,400.983185,5718053
3/7/2014,404.164917,411.43692,401.196777,404.758545,401.621277,6061674
3/10/2014,400.108429,402.334564,389.274628,391.797577,388.760803,5839956
3/11/2014,388.829407,400.207367,388.829407,393.726898,390.67514,6113727
3/12/2014,392.885895,393.776367,383.882477,384.72345,381.741486,4526604
3/13/2014,389.274628,392.440674,380.7659,383.882477,380.907013,3899249
3/14/2014,378.935547,390.511383,378.935547,389.076752,386.061035,3242784
3/18/2014,389.818817,393.13324,376.462067,377.204102,374.280426,6884223
3/19/2014,381.804749,383.536194,375.522156,380.27121,377.323761,6332285
3/20/2014,377.946136,380.914307,374.730652,375.670563,372.758759,4136724
3/21/2014,378.094543,385.861267,377.847198,385.020264,382.036011,5746378
3/22/2014,null,null,null,null,null,null
3/24/2014,386.850647,390.264038,385.119202,387.345337,384.343048,3193454
3/25/2014,387.840027,389.324097,382.546814,386.70224,383.704926,3932786
3/26/2014,390.412445,398.723297,390.412445,397.387634,394.307495,7426496
3/27/2014,398.723297,400.652588,389.571442,392.490143,389.447968,9264824
3/28/2014,396.546631,399.06958,391.203949,393.083771,390.036987,3401201
3/31/2014,396.744507,399.861084,392.440674,394.419464,391.362335,4162936
4/1/2014,400.850464,402.186157,395.260437,398.871704,395.78006,3988380
4/2/2014,402.482971,410.595947,400.702057,409.705505,406.529907,6361767
4/3/2014,411.486389,413.564117,402.779785,406.98468,403.83017,5358380
4/4/2014,410.002319,410.002319,400.157898,401.196777,398.087128,2931936
4/7/2014,400.751526,405.649017,396.5961,399.712677,396.614532,3833276
4/9/2014,403.670227,418.313171,403.175537,416.43335,413.205597,6959992
4/10/2014,418.511047,430.383698,418.511047,426.228271,422.924591,6388136
4/11/2014,424.34845,433.153992,417.719543,419.104675,415.856201,6147582
4/15/2014,421.083466,424.892609,404.709076,407.578308,404.419189,6939177
4/16/2014,405.154327,414.504028,405.00592,406.786804,403.63382,3823079
4/17/2014,410.94223,426.030396,410.892761,424.546326,421.255707,4626464
4/21/2014,420.3909,429.938477,419.648834,427.514465,424.200806,2848869
4/22/2014,426.327209,430.086884,422.072845,424.249512,420.961182,2514731
4/23/2014,425.733582,429.097504,417.818481,420.539307,417.279724,5441306
4/24/2014,420.539307,420.539307,420.539307,420.539307,417.279724,0
4/25/2014,420.539307,426.178802,418.115295,418.758392,415.512604,4162636
4/28/2014,418.609985,418.609985,410.595947,412.030548,408.836884,3555731
4/29/2014,411.634796,414.355621,403.274475,404.610138,401.47403,2405270
4/30/2014,409.309753,413.564117,399.910553,410.348602,407.167999,5643784
5/2/2014,413.564117,415.839691,406.836273,410.348602,407.167999,2847110
5/5/2014,404.214386,411.486389,404.214386,410.051788,406.873474,2476756
5/6/2014,410.497009,417.521667,410.101257,414.701904,411.487579,2765256
5/7/2014,414.553497,417.224854,411.090637,412.277893,409.082336,3416541
5/8/2014,415.443939,419.698303,413.118896,418.560516,415.316254,3073390
5/9/2014,419.450958,424.546326,414.800842,422.963287,419.684906,5055987
5/12/2014,422.864349,441.761658,421.973907,440.475464,437.061371,6378245
5/13/2014,442.503693,450.913513,434.143372,436.270569,432.889069,5529371
5/14/2014,435.330658,441.365906,429.443787,437.655701,434.263458,2909047
5/15/2014,440.277588,443.888855,432.510895,434.984344,431.612793,4399959
5/16/2014,439.387146,460.065338,438.793488,445.076111,441.626343,9495197
5/19/2014,451.160858,452.941742,438.100922,439.68396,436.276001,5885250
5/20/2014,441.316437,447.054901,431.966736,435.18222,431.809113,6295237
5/21/2014,437.606232,440.228119,429.493256,432.313019,428.962158,5302879
5/22/2014,432.857178,436.468445,423.705322,426.228271,422.924591,7668503
5/23/2014,422.81488,435.231689,420.489838,426.722961,423.415466,7404500
5/26/2014,433.351868,448.934723,433.351868,439.337677,435.932404,9211965
5/27/2014,442.602631,446.560181,428.899628,431.966736,428.618591,5553985
5/28/2014,428.404938,431.175201,419.005737,424.200043,420.912109,8522101
5/29/2014,419.945648,427.761841,416.878571,419.797241,416.543427,7166289
5/30/2014,407.133087,417.719543,402.730316,410.645416,407.462555,11146212
6/2/2014,410.595947,418.214233,406.193176,416.284912,413.058289,5511595
6/3/2014,412.921021,419.500427,411.832672,416.43335,413.205597,8909589
6/4/2014,420.489838,424.942078,416.532288,417.571136,414.334564,6501247
6/5/2014,415.542877,431.422546,412.723145,430.383698,427.047821,9086539
6/6/2014,432.362488,435.825348,423.952698,434.440186,431.072876,8151455
6/9/2014,434.835938,448.58844,434.835938,443.839386,440.3992,7065184
6/10/2014,445.521332,450.56723,437.754639,448.58844,445.11145,6419352
6/11/2014,447.203308,448.687378,433.104523,441.019623,437.601318,5884465
6/12/2014,440.277588,446.659149,437.062073,444.779297,441.331818,4270136
6/13/2014,445.175049,445.471863,430.383698,433.599213,430.238403,5456728
6/16/2014,431.867798,433.599213,424.496857,426.27774,422.973694,4802036
6/17/2014,429.493256,438.496674,422.617004,436.2211,432.839966,4886836
6/18/2014,439.782898,440.277588,425.980927,428.553345,425.231659,3046408
6/19/2014,433.351868,439.090332,430.383698,433.945496,430.582031,6736247
6/20/2014,436.517914,437.358887,428.355469,433.401337,430.042084,4781531
6/23/2014,431.76886,437.804108,426.624023,430.977325,427.636871,3799762
6/24/2014,429.493256,440.871216,429.493256,437.457825,434.067108,4020018
6/25/2014,436.369507,443.839386,434.539124,438.546143,435.146973,4478733
6/26/2014,438.298798,444.086731,431.570984,433.351868,429.992981,4074119
6/27/2014,432.461426,436.171631,425.535706,427.761841,424.446289,2621189
6/30/2014,429.394318,431.570984,424.496857,426.722961,423.415466,3244342
7/1/2014,428.207062,448.09375,428.207062,446.016022,442.55899,6431546
7/2/2014,446.60965,453.733246,440.376526,450.962982,447.467621,5826459
7/3/2014,450.962982,467.782562,450.171448,464.764923,461.162537,10138512
7/4/2014,465.012268,469.217163,461.549408,464.468109,460.868042,7059490
7/7/2014,468.969818,474.856689,467.089996,473.768372,470.096222,5301439
7/8/2014,474.411469,479.556274,460.411621,465.012268,461.40799,6757729
7/9/2014,464.814392,464.91333,448.192688,452.397583,450.809387,3927485
7/10/2014,455.316284,469.711884,444.977173,448.341095,446.767151,5359992
7/11/2014,450.418793,456.553009,439.090332,441.217499,439.668549,2738220
7/14/2014,440.277588,453.980591,437.903046,451.160858,449.577026,3611521
7/15/2014,453.386963,459.9664,451.853424,457.98761,456.379791,3609319
7/16/2014,461.252594,466.595306,457.196106,465.309082,463.675598,3592346
7/17/2014,462.044128,472.284271,460.213745,470.256042,468.605164,5114632
7/18/2014,466.793182,472.432678,461.401001,470.256042,468.605164,4148084
7/21/2014,471.195953,473.37262,465.012268,469.90976,468.260101,2147835
7/22/2014,469.90976,483.019135,467.238403,481.535065,479.844604,4245591
7/23/2014,480.347778,482.722321,471.690643,479.704681,478.02063,4745188
7/24/2014,478.072205,482.029755,472.036926,480.100433,478.415009,3338881
7/25/2014,480.842468,480.842468,451.55661,456.206726,454.605164,6343512
7/28/2014,451.655548,465.061737,446.510712,449.033661,447.457306,8392066
7/30/2014,450.171448,450.616699,437.309418,446.560181,444.992493,13595305
7/31/2014,448.192688,449.874634,440.327057,442.009003,440.457306,9472953
8/1/2014,440.079712,450.913513,433.351868,435.330658,433.802399,8882644
8/4/2014,437.606232,443.64151,436.468445,441.860596,440.309418,7517951
8/5/2014,444.927704,453.04068,439.486084,451.952362,450.365723,4030664
8/6/2014,450.171448,450.171448,440.475464,442.800507,441.246002,4859128
8/7/2014,442.849976,445.570801,435.528534,437.309418,435.7742,4871343
8/8/2014,432.857178,433.203461,425.83252,428.306,426.802399,6491179
8/11/2014,434.934875,443.690979,432.362488,441.811127,440.260101,8735749
8/12/2014,475.895538,476.884918,463.42926,468.969818,467.323456,14887582
8/13/2014,471.987457,474.757751,461.153656,468.475128,466.830505,6299304
8/14/2014,469.316101,480.694061,468.623535,479.457336,477.774139,6417376
8/18/2014,483.860107,500.283966,483.7117,498.453583,496.703705,8656402
8/19/2014,502.114319,515.174255,500.185028,513.343872,511.541718,9965688
8/20/2014,513.49231,516.460449,505.478241,506.813904,505.034698,5467442
8/21/2014,510.524109,512.651306,500.778656,507.308594,505.527649,5463932
8/22/2014,509.782074,515.124756,505.181427,506.121338,504.344574,4404241
8/25/2014,511.513519,512.502869,499.987152,503.004761,501.238922,4005516
8/26/2014,493.209839,509.732605,491.082642,507.209656,505.429047,4724406
8/27/2014,513.393372,518.439209,510.721985,516.163635,514.351624,3905433
8/28/2014,518.142395,526.008057,517.103577,519.478088,517.654419,5597525
9/1/2014,520.417969,523.880859,511.266144,514.481689,512.675537,6321716
9/2/2014,514.481689,515.223694,506.616028,510.771454,508.978333,4700852
9/3/2014,520.516907,524.870239,515.767883,517.054077,515.238892,7395355
9/4/2014,517.153015,517.153015,503.845764,507.555969,505.774139,7887159
9/5/2014,507.555969,511.117737,497.810486,500.630249,498.872742,10061738
9/8/2014,502.609009,506.566559,497.563141,504.686737,502.915009,9265718
9/9/2014,505.676117,512.898621,502.213257,511.661926,509.865692,9134923
9/10/2014,508.347473,515.42157,506.962311,511.068268,509.274109,7315474
9/11/2014,512.502869,512.799683,505.577179,508.891632,507.105103,3994427
9/12/2014,509.534729,513.838562,507.951721,511.711395,509.914978,4645545
9/15/2014,506.566559,509.930481,504.736206,506.962311,505.182587,3002542
9/16/2014,504.587799,505.329834,489.400696,494.446564,492.710754,5795527
9/17/2014,496.672699,504.093109,486.185181,501.57016,499.809357,5000801
9/18/2014,500.333435,521.209534,495.386475,519.824341,517.999451,7126911
9/19/2014,519.626465,523.386169,511.068268,513.393372,511.591064,5187142
9/22/2014,509.534729,536.74292,508.545349,534.318909,532.443115,7973384
9/23/2014,535.951355,536.841858,510.623047,512.304993,510.5065,7528891
9/24/2014,510.524109,512.255554,501.174408,507.951721,506.168518,3887411
9/25/2014,507.259125,509.287384,494.693909,498.997742,497.245972,6390237
9/26/2014,496.771637,507.605438,487.125092,505.676117,503.900909,7252440
9/29/2014,504.686737,510.128357,502.262726,505.329834,503.555817,5160966
9/30/2014,509.237915,509.237915,494.990723,496.821106,495.076965,5576865
10/1/2014,495.881165,502.015381,493.951874,497.414734,495.668518,3727045
10/7/2014,497.414734,511.315613,497.414734,499.59137,497.837494,5462324
10/8/2014,501.619629,507.259125,496.672699,503.598389,501.830444,3963078
10/9/2014,509.48526,516.955139,507.852783,515.075317,513.26709,3758873
10/10/2014,509.040039,509.040039,484.156921,487.471375,485.76004,7535919
10/13/2014,484.800049,492.913025,474.955627,490.983704,489.260071,5193538
10/14/2014,493.605591,494.891785,480.941437,482.821259,481.126282,3886857
10/15/2014,482.821259,482.821259,482.821259,482.821259,481.126282,0
10/16/2014,480.298309,495.782227,476.588104,478.665833,476.985443,6643744
10/17/2014,478.616364,478.616364,463.033508,470.750732,469.098145,9595387
10/20/2014,482.722321,491.725739,479.457336,489.400696,487.682617,5839603
10/21/2014,493.753998,498.799866,488.510254,496.12854,494.386841,3972592
10/22/2014,503.252106,514.976379,503.252106,513.640686,511.837494,5842953
10/27/2014,511.513519,512.502869,496.920044,498.354645,496.605133,3177278
10/28/2014,500.333435,505.873993,497.711548,503.252106,501.485413,2422395
10/29/2014,510.029419,521.8526,510.029419,520.615845,518.788208,4416090
10/30/2014,516.806702,525.711243,514.580627,521.35791,519.527649,6242397
10/31/2014,520.764282,532.785339,515.42157,530.163452,528.302246,3956550
11/3/2014,524.969177,530.212952,520.665344,525.760681,523.914978,2794484
11/5/2014,523.386169,534.071533,515.718384,530.31189,528.450134,6584901
11/7/2014,531.400208,538.17749,526.552185,527.690002,525.837524,2480434
11/10/2014,525.117615,528.77832,513.244934,516.757263,514.943115,3389879
11/11/2014,519.428589,521.9021,511.612457,516.163635,514.351624,2551014
11/12/2014,517.845581,531.202332,516.361511,526.205933,524.358643,3617680
11/13/2014,527.343689,530.31189,517.895081,521.160034,519.330444,2799445
11/14/2014,524.227112,531.103394,514.135376,518.340271,516.52063,4717775
11/17/2014,514.481689,541.739319,514.481689,539.463684,537.569824,7159194
11/18/2014,542.827637,544.855896,534.764099,535.852417,533.971252,4548021
11/19/2014,538.276428,539.16687,516.955139,523.880859,522.041748,4678498
11/20/2014,527.343689,528.184692,514.778503,519.181274,517.358643,3828955
11/21/2014,522.940918,533.675781,521.605286,525.364929,523.520569,4019464
11/24/2014,525.364929,532.933777,519.428589,520.813721,518.985352,3793347
11/25/2014,522.940918,523.435608,507.555969,516.312012,514.499451,4359660
11/26/2014,516.163635,519.230713,509.534729,514.43219,512.626221,4638623
11/27/2014,509.534729,517.301453,506.071869,514.43219,512.626221,5701903
11/28/2014,518.834961,533.280029,515.965759,527.838379,525.985352,8262478
12/1/2014,534.121033,534.121033,524.474487,530.31189,528.450134,5148090
12/2/2014,530.015076,530.114014,522.495728,523.33667,521.499451,3593679
12/3/2014,529.520386,533.082153,520.714783,523.386169,521.548767,4040047
12/4/2014,528.333069,531.548584,516.460449,522.149414,520.316345,3639457
12/5/2014,518.88446,525.117615,516.90564,519.774902,517.950195,2469524
12/8/2014,519.527527,524.870239,508.248535,510.227295,508.436096,3135332
12/9/2014,511.760864,515.322632,496.029572,497.909424,496.161469,5562200
12/10/2014,490.736359,509.435791,487.966064,505.577179,503.802307,5621126
12/11/2014,501.421753,507.358063,492.715149,498.552521,496.802307,4069618
12/12/2014,493.605591,502.361664,490.736359,494.64444,492.907959,3900394
12/15/2014,489.648041,496.474823,487.125092,488.70813,486.992462,3896475
12/16/2014,484.800049,486.481995,473.422089,476.538635,474.865692,4813220
12/17/2014,473.521027,481.238251,463.676605,470.750732,469.098145,6238806
12/18/2014,475.945007,484.800049,475.747131,479.75415,478.069946,4417769
12/19/2014,485.096863,492.517273,479.012115,480.74353,479.055817,4665944
12/22/2014,480.941437,492.022552,476.241821,489.450165,487.731903,3225905
12/23/2014,491.527863,496.12854,480.446716,482.969666,481.27417,4165774
12/24/2014,484.948456,487.520844,476.439697,478.81424,477.133331,6510045
12/26/2014,477.874329,482.376038,473.86731,480.001495,478.316406,2339159
12/29/2014,480.001495,492.715149,480.001495,489.796448,488.076996,2818585
12/30/2014,493.704529,494.199219,485.047394,488.510254,486.795319,1701736
12/31/2014,489.252289,493.407715,485.838898,490.291138,488.569916,3217611
1/1/2015,489.252289,494.14975,487.026154,493.16037,491.429077,944551
1/2/2015,491.973083,511.909271,491.973083,506.368683,504.591034,4193093
1/5/2015,504.686737,520.417969,501.322815,518.241333,516.421997,6758676
1/6/2015,508.891632,508.891632,493.951874,496.079071,494.337555,7979598
1/7/2015,489.746979,495.089661,484.008514,488.609192,486.89386,9232656
1/8/2015,498.651459,509.336853,495.683289,506.566559,504.788208,5535587
1/9/2015,515.718384,519.37915,510.029419,516.757263,514.943115,4053562
1/12/2015,512.997559,519.131775,505.824524,516.757263,514.943115,2560568
1/13/2015,514.827942,520.121155,509.782074,513.9375,512.133301,4328812
1/14/2015,515.965759,521.061096,508.49588,514.827942,513.02063,6070608
1/15/2015,522.693604,530.31189,518.191895,527.29425,525.443115,6902556
1/16/2015,525.463867,530.114014,516.856201,520.170654,518.344604,4250137
1/19/2015,520.91272,533.873657,517.598267,532.785339,530.914917,4617341
1/20/2015,533.032715,555.04657,529.075134,553.265686,551.323425,6140342
1/21/2015,550.940613,552.523621,540.20575,545.6474,543.731873,6521363
1/22/2015,544.806396,562.664856,542.728699,560.48822,558.520569,6010572
1/23/2015,568.89801,584.876587,567.90863,582.205261,580.161377,7764736
1/27/2015,589.724609,601.250977,589.724609,598.134399,596.034607,7213518
1/28/2015,592.643311,592.841187,580.77063,582.947327,580.900818,8297785
1/29/2015,579.78125,594.325256,574.438599,592.247559,590.168396,5874507
1/30/2015,595.017822,598.282837,574.933289,578.940308,576.907898,4180985
2/2/2015,581.562134,589.576233,574.685913,586.21228,584.154358,4363228
2/3/2015,591.307617,605.901123,589.873047,596.897705,594.802246,6100343
2/4/2015,600.212097,600.212097,581.957947,585.123962,583.069824,3398715
2/5/2015,584.72821,596.501892,575.82373,582.947327,580.900818,6847443
2/6/2015,561.032349,565.92981,546.339966,553.661438,551.717773,12221202
2/9/2015,544.16333,548.566101,535.555603,536.891296,535.00647,4628548
2/10/2015,538.22699,561.97229,537.583862,558.113647,556.154358,5617236
2/11/2015,560.98291,565.336182,547.477783,552.968872,551.027649,4637550
2/12/2015,556.233826,559.99353,546.63678,555.838074,553.88678,5488927
2/13/2015,556.728516,561.180786,549.110229,559.548279,557.583923,3506531
2/16/2015,562.96167,574.290161,559.49884,568.057007,566.062805,5793607
2/18/2015,566.622437,580.77063,554.700256,578.099304,576.069824,5846505
2/19/2015,579.78125,586.26178,566.028748,570.43158,568.429016,4316943
2/20/2015,573.35022,578.79187,566.177185,573.745972,571.73175,3907248
2/23/2015,575.82373,578.247742,565.979309,568.106506,566.112122,3040407
2/24/2015,570.87677,571.86615,554.00769,558.410461,556.450134,4350356
2/25/2015,560.686096,569.88739,558.014709,562.170166,560.196655,3082740
2/26/2015,564.049988,565.979309,551.435303,554.700256,552.75293,3570924
2/27/2015,561.032349,574.834351,557.52002,569.046387,567.048706,4357037
2/28/2015,null,null,null,null,null,null
3/2/2015,591.060303,594.62207,567.018188,578.79187,576.759949,4951897
3/3/2015,576.31842,576.31842,565.92981,568.007568,566.013489,3593208
3/4/2015,575.329041,585.816528,564.049988,568.007568,566.013489,6242783
3/5/2015,569.88739,571.668274,561.675476,564.643616,562.661377,3354510
3/9/2015,564.94043,567.512878,556.03595,559.103088,557.14032,3566055
3/10/2015,561.873352,566.622437,552.770996,554.255066,552.309265,3917160
3/11/2015,555.04657,559.202026,542.382385,545.053772,543.14032,3184841
3/12/2015,549.011292,560.933411,548.417664,557.915771,555.957153,3430749
3/13/2015,559.647217,559.696716,549.209167,552.424683,550.485352,5382475
3/16/2015,553.117249,559.696716,548.368225,550.990051,549.055786,2786971
3/17/2015,558.014709,572.85553,556.431702,565.484619,563.499451,5395883
3/18/2015,564.297363,564.94043,550.594299,554.255066,552.309265,4569613
3/19/2015,559.00415,562.912231,545.400024,547.922974,545.999451,3295114
3/20/2015,543.124451,544.806396,535.258789,541.788757,539.88678,5119749
3/23/2015,542.234009,551.880554,542.234009,545.5979,543.682495,3153860
3/24/2015,545.944214,546.63678,522.792542,526.601685,524.752991,4519046
3/25/2015,529.8172,539.809998,527.838379,536.099792,534.217773,8625253
3/26/2015,525.265991,533.280029,515.273193,518.686584,516.865662,6544581
3/27/2015,520.071716,531.103394,512.651306,529.668762,527.809326,4721243
3/30/2015,531.152832,535.308289,525.711243,534.269409,532.393799,4012522
3/31/2015,534.417847,553.859314,531.894897,544.361206,542.450195,5409542
4/1/2015,543.272827,560.389282,542.184509,558.905212,556.943115,4222512
4/6/2015,563.900024,573.5,555.349976,568.150024,566.155457,5728358
4/7/2015,569.049988,570.700012,554.049988,560.349976,558.382813,3201751
4/8/2015,565,569.599976,559.200012,561.5,559.528809,3774897
4/9/2015,562.799988,564.849976,552.25,559.900024,557.934448,3043135
4/10/2015,558.799988,569.400024,555.549988,562.650024,560.674805,2808049
4/13/2015,563,563.900024,552.450012,556.25,554.297241,2889208
4/15/2015,551.25,551.25,538.25,540.450012,538.552673,4118983
4/16/2015,543.75,551.25,534.200012,541.25,539.349915,4027716
4/17/2015,541.5,544.799988,534.150024,535.349976,533.470581,2728290
4/20/2015,543.150024,543.150024,521.049988,533.200012,531.328125,5011252
4/21/2015,531.450012,538,523.5,527.400024,525.548584,3243871
4/22/2015,529,529.700012,510.649994,523.5,521.662231,4311384
4/23/2015,527.799988,527.799988,508.450012,512,510.202576,4961920
4/24/2015,515.25,520,508.600006,516.200012,514.387878,4302328
4/27/2015,521,523,513.049988,516.849976,515.035522,3082875
4/28/2015,520.5,533.799988,518.349976,529.849976,527.989929,6417077
4/29/2015,526.75,528,516.799988,520.900024,519.07135,3685760
4/30/2015,518.200012,520.799988,506.75,508.25,506.465759,10009172
5/4/2015,511.75,516,497.5,506.450012,504.672058,5849866
5/5/2015,509.5,515.700012,506.049988,510.450012,508.658051,3398712
5/6/2015,508.5,508.5,495.799988,497.850006,496.102264,5925410
5/7/2015,493.5,503,482.600006,488.100006,486.386475,5504557
5/8/2015,498.75,515.900024,497.350006,513.700012,511.896637,6229295
5/11/2015,522.25,530.950012,517,529.700012,527.840454,5520513
5/12/2015,525.700012,525.700012,511.149994,513.549988,511.747131,4569616
5/13/2015,517,525.549988,506.549988,520.450012,518.622925,4442178
5/14/2015,519,519,510.100006,516.599976,514.786377,3587736
5/15/2015,519,524.5,517.049988,519.900024,518.074829,4038816
5/18/2015,517.25,524.400024,510.299988,520.700012,518.87207,4363711
5/19/2015,516.900024,518.75,508.700012,509.799988,508.010284,5500642
5/20/2015,511,513.849976,503.549988,505.25,503.476257,6385674
5/21/2015,506.5,512.5,505,511.200012,509.405396,4708702
5/22/2015,511.75,516.950012,510.200012,514.650024,512.843323,4744826
5/25/2015,513,514,503,505.299988,503.526093,3080546
5/26/2015,505,506,493.549988,497.600006,495.853149,7389680
5/27/2015,473.600006,474.950012,463.549988,471.75,470.093872,15936377
5/28/2015,473.850006,487.450012,472.25,484.350006,482.649658,11792862
5/29/2015,485.200012,490.25,479.399994,481.649994,479.959106,7892019
6/1/2015,482.899994,482.899994,471,472.049988,470.392792,4610219
6/2/2015,473.100006,478.399994,465,466.950012,465.31076,6237231
6/3/2015,467,468.75,434.700012,456.850006,455.246185,9702740
6/4/2015,456.850006,458.450012,445.450012,451.200012,449.616028,8001049
6/5/2015,445.649994,449.549988,439.5,442.100006,440.547974,11195670
6/8/2015,435.299988,438,429.049988,435.600006,434.07077,7072020
6/9/2015,431.299988,443.799988,431.299988,440.049988,438.505157,7741629
6/10/2015,439.899994,449.399994,436,446.600006,445.032166,9716102
6/11/2015,446.5,446.799988,428.100006,430.200012,428.689758,9668308
6/12/2015,426.549988,429.5,417.25,421.799988,420.319214,10871836
6/15/2015,426,427.950012,418.100006,426.350006,424.853271,7287773
6/16/2015,427.049988,435.799988,421.25,432.799988,431.280579,6192559
6/17/2015,436,437.399994,426.5,433.700012,432.17749,7034146
6/18/2015,434.899994,447.5,431.399994,445.450012,443.8862,8198142
6/19/2015,444.799988,444.799988,431.600006,433.049988,431.529724,6891821
6/22/2015,435,444,435,440.5,438.953583,5281379
6/23/2015,441,447.399994,435,436,434.469391,5762483
6/24/2015,438.700012,438.700012,428.100006,430.600006,429.088348,7081258
6/25/2015,433,436.100006,429.5,432.399994,430.882019,7745469
6/26/2015,435,438.799988,431.200012,437.600006,436.063782,5009173
6/29/2015,428.799988,432.5,418.149994,428.25,426.746613,7143044
6/30/2015,428,436.25,422.700012,434.149994,432.625885,6387312
7/1/2015,436.75,447.399994,431.399994,444.5,442.939545,6054910
7/2/2015,445,445,435,436.399994,434.867981,4641851
7/3/2015,436,436,430.450012,433.149994,431.629395,3709457
7/6/2015,428,433.5,420.700012,431.100006,429.586578,4600687
7/7/2015,434.350006,435.700012,428,431.549988,430.035004,5667938
7/8/2015,424,424,400,404.950012,403.528412,15521757
7/9/2015,400.149994,403.350006,394.25,397.799988,396.403473,9351601
7/10/2015,400.25,405.799988,398.049988,401.899994,400.489075,13661389
7/13/2015,406.700012,406.700012,397.049988,402.100006,400.688385,8047912
7/14/2015,403.5,403.5,380.950012,385.950012,384.595093,11333562
7/15/2015,387,395,382.600006,394.299988,392.915771,15561638
7/16/2015,394.899994,398.649994,392.450012,395.25,393.862427,5199913
7/17/2015,395.950012,403.25,390.399994,398.049988,396.652588,6590110
7/20/2015,399,401.899994,389.299988,390.75,389.378265,5777196
7/21/2015,391.799988,393.299988,386.100006,389.100006,387.734039,6461958
7/22/2015,388,392.799988,385.950012,389.549988,388.182434,5955109
7/23/2015,388.75,403.399994,385,401.350006,399.94101,9510349
7/24/2015,397.549988,399.350006,389,390.25,388.879974,7059848
7/27/2015,384.25,385.25,373,377.450012,376.124939,8450904
7/28/2015,373,374.899994,366.100006,370.100006,368.800751,10975840
7/29/2015,373.899994,379.950012,372.700012,376.450012,375.128448,9532212
7/30/2015,381.649994,382.5,376,377.450012,376.124939,6562559
7/31/2015,380.799988,390.5,380.049988,383.850006,382.502472,6947628
8/3/2015,386.350006,394.399994,382,388.200012,386.837189,6647982
8/4/2015,385.899994,387,378,380.75,379.413361,5621275
8/5/2015,378.75,388.5,375.100006,376.399994,375.078613,8298929
8/6/2015,376.5,384.700012,373.200012,383.100006,381.755096,7976356
8/7/2015,382.399994,396,382.399994,393.399994,392.018951,10706804
8/10/2015,384,395.299988,382.100006,385.700012,384.345978,14494111
8/11/2015,387.100006,388,367.549988,369.149994,367.854065,9984809
8/12/2015,365,365.850006,353.549988,355.200012,353.953064,11107801
8/13/2015,356.899994,360.950012,348,349.399994,348.17337,11147702
8/14/2015,351.450012,359.75,345.100006,355.25,354.002869,6400810
8/17/2015,354.399994,362.299988,345.25,356.100006,354.849884,5812093
8/18/2015,355.850006,358.350006,347.700012,348.600006,347.376221,5623977
8/19/2015,348.700012,354.899994,344,351.25,350.016907,6435894
8/20/2015,348,349.700012,341,342.200012,340.998688,7789676
8/21/2015,339.399994,339.399994,327.75,332.399994,331.233063,8793065
8/24/2015,317,317,301.600006,308.25,307.167877,14753473
8/25/2015,308,331.350006,305.799988,328.850006,327.695557,13398318
8/26/2015,322,341.399994,318.25,335.100006,333.923615,13781660
8/27/2015,338.399994,342.549988,327.25,334.049988,332.877258,17224851
8/28/2015,342,342,335.25,340.049988,338.856201,7123909
8/31/2015,340,348.75,332.450012,340.149994,338.955872,7244287
9/1/2015,334.950012,339.350006,325.100006,329.899994,328.741852,8606005
9/2/2015,328.850006,332.5,321.450012,324.450012,323.311005,8097313
9/3/2015,326.200012,339.799988,326.200012,333.549988,332.379028,8138855
9/4/2015,330,330.799988,316,322.899994,321.766418,6592654
9/7/2015,327.799988,333,320,322.850006,321.716583,5357928
9/8/2015,326,333.25,316.299988,330.899994,329.738342,6729868
9/9/2015,335.350006,350.700012,333.600006,344.899994,343.689209,8833492
9/10/2015,340.049988,356.450012,331,354.100006,352.856903,9872906
9/11/2015,354.899994,358.899994,342.25,344.600006,343.390259,8569963
9/14/2015,348.899994,350.899994,342.25,346.799988,345.58252,5480940
9/15/2015,345.950012,345.950012,333.049988,334.350006,333.176239,5802405
9/16/2015,337.700012,340.399994,332.5,338.049988,336.86322,5708786
9/18/2015,329.200012,333.799988,326.850006,330.25,329.090637,14893326
9/21/2015,326.850006,334.899994,325.649994,331.700012,330.535522,5172386
9/22/2015,332,333.600006,314,315.799988,314.691345,7122834
9/23/2015,311,312.549988,306.25,310.299988,309.210632,8954516
9/24/2015,309.700012,312,301.600006,303.399994,302.3349,13799813
9/28/2015,304.399994,304.399994,283.5,285,283.999481,13577316
9/29/2015,281.200012,294.799988,279.100006,288.75,287.736298,12304403
9/30/2015,289.25,299.75,288.100006,298.600006,297.551727,12926187
10/1/2015,301.450012,301.5,291.5,297.75,296.704712,7501080
10/5/2015,302.5,322.100006,302.5,315.149994,314.04361,14527820
10/6/2015,320.549988,334.700012,319.549988,333.700012,332.528534,18806867
10/7/2015,333.899994,345,329,341.350006,340.151672,17802539
10/8/2015,343.799988,347.299988,341.549988,343.25,342.045013,12085332
10/9/2015,346.200012,359.200012,341.100006,356.450012,355.198669,11635790
10/12/2015,356.5,367,356.399994,362.350006,361.077942,10509775
10/13/2015,360,365.25,355.049988,361.100006,359.832336,9969583
10/14/2015,358.75,360.25,351.100006,352.299988,351.063202,7009418
10/15/2015,355.299988,383.75,355.299988,381.299988,379.961426,19487376
10/16/2015,388.600006,390.950012,380.649994,386.75,385.392273,16497652
10/19/2015,384,384,376.25,378.700012,377.370544,7455714
10/20/2015,379,395.75,377.399994,383.149994,381.804901,15426131
10/21/2015,379.950012,386.399994,378.549988,381.450012,380.110901,8720671
10/23/2015,383.899994,388.799988,382,383,381.655457,6744440
10/26/2015,386.450012,389.899994,383.25,384.600006,383.249847,5064657
10/27/2015,383,386.950012,382.200012,383.350006,382.004211,4423221
10/28/2015,382.799988,390.75,382.200012,386.299988,384.943848,8018683
10/29/2015,388.950012,396.799988,384.25,391.200012,389.826691,15381516
10/30/2015,389.75,390.799988,383.5,384.950012,383.598602,6651831
11/2/2015,386.100006,392.049988,384.399994,387.950012,386.588104,7511675
11/3/2015,391.25,391.25,380.799988,382.049988,380.708771,5887746
11/4/2015,390.049988,407.25,390.049988,404.850006,403.428741,13985828
11/5/2015,403.600006,412.799988,401.450012,404,402.581726,12912937
11/6/2015,399.899994,404.399994,392.5,396.149994,394.759277,11016134
11/9/2015,374,413.5,373.049988,411.75,410.304535,22128119
11/10/2015,408,417.399994,402.700012,407.450012,406.019623,12654616
11/13/2015,411.350006,417.5,401.799988,403.950012,402.531921,11007237
11/16/2015,401,404.850006,394.200012,400.25,398.844879,7673487
11/17/2015,403,410.700012,398.549988,407.5,406.069427,6063987
11/18/2015,407.950012,413.5,403.25,406.25,404.823822,6960097
11/19/2015,409.899994,409.899994,403.5,406.950012,405.521362,5645524
11/20/2015,408.5,410.700012,401.350006,402.850006,401.435791,5420173
11/23/2015,400.350006,404.399994,396.5,402.100006,400.688385,4658448
11/24/2015,399.100006,406.5,397.049988,400.950012,399.54245,5624579
11/26/2015,404.75,426.450012,404,424.399994,422.910126,15070353
11/27/2015,425.549988,431.899994,416.450012,417.649994,416.183807,9720127
11/30/2015,419.899994,429.600006,418,423.5,422.013245,9901753
12/1/2015,427,427,416.100006,417.350006,415.884857,6402692
12/2/2015,415.899994,418.899994,410.299988,413.149994,411.699585,6543300
12/3/2015,408.700012,411.899994,404.25,405.600006,404.176117,5999323
12/4/2015,402.5,411.5,398.700012,399.950012,398.545959,8477407
12/7/2015,402.899994,403,395.299988,399.149994,397.748718,6156323
12/8/2015,396.950012,406.950012,396.100006,402.399994,400.987305,7851653
12/9/2015,402.799988,405,392.75,393.950012,392.567017,6103583
12/10/2015,401.200012,401.200012,385.25,389.600006,388.2323,10684178
12/11/2015,390.899994,392.649994,375.299988,377.950012,376.623199,6537672
12/14/2015,369.75,373.5,360.5,371.600006,370.295471,12682481
12/15/2015,371.25,380.950012,365.5,379.5,378.167725,7717531
12/16/2015,375.899994,385,372.850006,380.450012,379.11441,11874858
12/17/2015,385,387,376.049988,382.950012,381.605652,7604665
12/18/2015,381.899994,384.799988,376.799988,378.25,376.922119,6454322
12/21/2015,379.100006,382.549988,377.5,380.149994,378.81546,4015631
12/22/2015,380.899994,382.799988,377.200012,378.100006,376.772644,3802024
12/23/2015,379.899994,380.850006,377.5,378.450012,377.121429,3953766
12/24/2015,380.899994,384.75,377.600006,382.399994,381.057556,4568751
12/28/2015,384.899994,395,383.75,394,392.616852,7166351
12/29/2015,392.899994,397.5,388.75,391.850006,390.474396,7359611
12/30/2015,392,395,390.5,393.450012,392.068787,4866177
12/31/2015,394,395.75,389.149994,391.299988,389.9263,6410622
1/1/2016,392.5,403,373,401.899994,400.489075,4377363
1/4/2016,400,400.100006,375.049988,377.049988,375.726318,7822660
1/5/2016,381.049988,382.450012,372.100006,374.450012,373.135468,6901068
1/6/2016,374.25,375.5,364.600006,365.899994,364.615479,7211230
1/7/2016,356.25,358,338.100006,343.549988,342.343933,11782307
1/8/2016,345.600006,355.850006,345.600006,353.350006,352.109528,8770370
1/11/2016,343.899994,364.75,341.649994,360.200012,358.935516,10576721
1/12/2016,362.700012,363.950012,351.600006,355,353.753723,8363062
1/13/2016,360.450012,369.799988,356.299988,364.600006,363.320038,14191511
1/14/2016,356.100006,359.399994,346.799988,354.299988,353.056213,10673343
1/15/2016,353.899994,353.899994,339.350006,341.299988,340.101837,6557584
1/18/2016,341,343.299988,334.399994,340.200012,339.005707,6285144
1/19/2016,343,357.200012,342,354.149994,352.906738,7304555
1/20/2016,349.649994,349.649994,338.799988,342.25,341.048492,9156596
1/21/2016,340.649994,344.149994,323,328.549988,327.396576,16524035
1/22/2016,335.5,345.899994,331.5,339.5,338.308136,9595392
1/25/2016,345.5,345.5,331.149994,332.600006,331.432404,6106931
1/27/2016,338,341,333.200012,337.049988,335.86676,8333202
1/28/2016,336.299988,341.399994,332.299988,334.200012,333.026764,13153617
1/29/2016,332,340.600006,324.200012,336.899994,335.717285,10350998
2/1/2016,338.75,342.399994,332.25,338.5,337.311676,6563774
2/2/2016,343.799988,344.700012,327.700012,329.549988,328.393066,9179304
2/3/2016,325.549988,325.950012,317.049988,320.299988,319.175537,6685445
2/4/2016,325.299988,329.299988,321.200012,325.5,324.3573,6086981
2/5/2016,330.5,339,326.649994,337.100006,335.916595,9236577
2/8/2016,334.950012,334.950012,321.350006,323.5,322.364319,6974342
2/9/2016,319.5,322.649994,308.799988,310.649994,309.559448,12489713
2/10/2016,309.850006,309.950012,288.25,291.549988,290.526459,21756193
2/11/2016,298.5,300,265.799988,276.350006,275.379852,21632886
2/12/2016,281,303.950012,271.600006,298.350006,297.302612,21542152
2/15/2016,297.899994,320.75,297.700012,317.25,316.136292,18888699
2/16/2016,319.399994,324.200012,298.899994,301.149994,300.092773,13598374
2/17/2016,302.950012,313.5,298.649994,310.149994,309.061157,13717526
2/18/2016,315.149994,319.100006,306.200012,314,312.897675,12498247
2/19/2016,312.100006,320,311.100006,318.200012,317.082947,7706462
2/22/2016,320,324.200012,313.600006,318.850006,317.730652,8699779
2/23/2016,324,324.75,314.450012,318.549988,317.431671,11635881
2/24/2016,316,316,304.75,306.299988,305.22467,7629905
2/25/2016,309.799988,312.200012,296.200012,298.200012,297.153137,12959812
2/26/2016,303.200012,305.200012,297.600006,301.799988,300.740509,9181680
2/29/2016,303.200012,305.75,290.25,299.700012,298.647888,12607181
3/1/2016,301.100006,317,301.100006,315.350006,314.24295,11440045
3/2/2016,322.899994,326,314.350006,317.100006,315.986816,12418149
3/3/2016,324.5,339.799988,321.5,336.700012,335.517975,12844057
3/4/2016,340.149994,348.75,338.649994,343.5,342.294098,8197520
3/8/2016,346.5,353.75,341.5,346.049988,344.835144,7888999
3/9/2016,339.899994,349,336,347.700012,346.47937,6383925
3/10/2016,347,353.600006,341.399994,348.5,347.27655,7443048
3/11/2016,348.5,355.899994,345.149994,354.25,353.006378,7641330
3/14/2016,359.899994,370.549988,358.950012,366.450012,365.163574,13066837
3/15/2016,366.899994,370.700012,359.549988,360.399994,359.134766,9800731
3/16/2016,359.950012,362.75,353.299988,359.549988,358.28775,7554537
3/17/2016,366.899994,367.399994,358.600006,360.899994,359.633026,6914296
3/18/2016,362.5,367.799988,362.5,366.049988,364.764923,6594019
3/21/2016,367.25,375.5,365.75,374.700012,373.384613,9325793
3/22/2016,376.950012,381.5,370.399994,377.200012,375.875824,8909026
3/23/2016,378,379.450012,374.049988,377,375.676483,5766182
3/28/2016,375.5,375.5,361.5,363.299988,362.024597,8062793
3/29/2016,364,378.950012,363.049988,372.450012,371.142517,9364810
3/30/2016,380.5,391.5,376.799988,388.600006,387.235779,10295891
3/31/2016,387.899994,393.600006,380.5,386.600006,385.242798,10738707
4/1/2016,386.399994,386.399994,377.700012,379.649994,378.3172,5683771
4/4/2016,385.950012,391,382.399994,388.399994,387.036499,6011729
4/5/2016,386,386,369,370.5,369.19931,6058241
4/6/2016,373.700012,382.399994,372.049988,376.700012,375.377563,7323269
4/7/2016,375.950012,384.799988,370.299988,375.200012,373.882843,8724110
4/8/2016,375.5,380.049988,370.5,371.450012,370.145996,4860484
4/11/2016,373.950012,387.799988,373.899994,386.649994,385.292633,6827449
4/12/2016,387.950012,397.399994,387.149994,395.799988,394.410492,7702684
4/13/2016,400,411.75,398.149994,408.75,407.315063,12373115
4/18/2016,407.649994,409.899994,402.5,407.350006,405.919952,5571076
4/20/2016,407,410.350006,400.649994,404.100006,402.681366,7589901
4/21/2016,408.700012,417.200012,406,411.5,410.055389,9211869
4/22/2016,412.100006,420.5,408,417,415.536072,5995998
4/25/2016,417.600006,417.600006,410,412.200012,410.75296,3272996
4/26/2016,408.649994,423.649994,405.049988,419.049988,417.578857,6998505
4/27/2016,418.950012,425.25,414.649994,418.549988,417.080627,6227941
4/28/2016,418.799988,420.950012,409.700012,411.350006,409.905914,7546101
4/29/2016,410,413.700012,403.049988,408.350006,406.916473,6251095
5/2/2016,407.950012,410.450012,402.5,407.700012,406.268738,4178821
5/3/2016,410.899994,422,407.799988,409.649994,408.211884,9620804
5/4/2016,405.5,405.5,380.100006,381.799988,380.459656,12069134
5/5/2016,384,396.049988,383.149994,391.149994,389.776825,9601341
5/6/2016,388.600006,400.899994,384.5,398.700012,397.300323,9953672
5/9/2016,400.350006,405.200012,395.149994,403.350006,401.934021,8700283
5/10/2016,400.799988,400.799988,387.149994,388.950012,387.584564,9166453
5/11/2016,384.799988,391.950012,376.100006,379.850006,378.51651,11595875
5/12/2016,379,388.600006,379,387.049988,385.691193,6506343
5/13/2016,391.25,394,385.5,389.950012,388.581055,14027896
5/16/2016,393.799988,396.700012,389,392.700012,391.321411,8248193
5/17/2016,392.600006,395,386.600006,389.700012,388.331909,9425555
5/18/2016,383.5,387.350006,381.600006,384.850006,383.498962,8589315
5/19/2016,386.25,393.299988,381.950012,386.899994,385.541748,10988676
5/20/2016,386.700012,392.700012,383.5,384.450012,383.100372,6537509
5/23/2016,388.549988,389.950012,380.100006,381.75,380.409851,8153090
5/24/2016,383.799988,391.75,382.649994,389.100006,387.734039,10568106
5/25/2016,394,399.950012,394,397,395.606293,8897382
5/26/2016,400.5,402,396.75,399.25,397.848389,8469732
5/27/2016,400,405,396,403.899994,402.482086,9035525
5/30/2016,404.799988,423.600006,401.299988,421.25,419.771149,15767133
5/31/2016,456,464.899994,445,459.649994,458.036346,110744326
6/1/2016,455.75,458.299988,445,449.200012,447.623077,10389215
6/2/2016,444.100006,460.5,444.100006,453.450012,451.858124,13674434
6/3/2016,458.049988,461.799988,452.5,453.950012,452.356384,11672544
6/6/2016,457.799988,465,450.200012,460.5,458.883362,9356808
6/7/2016,466.450012,466.450012,459,463.049988,461.424408,12568902
6/8/2016,465.5,468.799988,463.200012,466.149994,464.513519,10467158
6/9/2016,469.450012,470.25,465,467.149994,465.51001,8525017
6/10/2016,466.75,466.75,454.5,456.950012,455.345856,7039858
6/13/2016,451,451.399994,436.700012,444.25,442.69043,9507282
6/14/2016,446.899994,453.850006,441.149994,448.399994,446.825836,9615226
6/15/2016,449.899994,453,447.25,452.100006,450.512848,5704865
6/16/2016,449.700012,455.5,446.049988,454.350006,452.754944,7255454
6/17/2016,461,465.75,457.299988,464.399994,462.769684,7836702
6/20/2016,464.75,484.200012,460.25,482.049988,480.357697,9261350
6/21/2016,484,486.200012,477.600006,484.899994,483.197693,8907801
6/22/2016,483.049988,484.799988,468.049988,472.700012,471.040558,7660165
6/23/2016,476.100006,489.899994,476.100006,487.950012,486.23703,9628216
6/24/2016,439.200012,453.75,421.25,449.399994,447.822327,40998600
6/27/2016,451.799988,457.25,443.600006,448.950012,447.373932,12450283
6/28/2016,448,448,433,440.399994,438.853943,10190394
6/29/2016,447.100006,449.799988,445.399994,447.25,445.679871,6285461
6/30/2016,454.299988,462.25,451.549988,459.25,457.637787,13214064
7/1/2016,463.600006,464.75,454.700012,457.899994,456.292511,7027759
7/4/2016,467,474.850006,467,469.5,467.851776,8413087
7/5/2016,468.5,469,459.5,460.899994,459.281982,4934087
7/7/2016,460.950012,465.450012,454.100006,455.149994,453.552155,6580663
7/8/2016,464.299988,468.200012,462.649994,466.299988,464.662994,9263727
7/11/2016,472.100006,486.799988,472.100006,484.600006,482.898773,10477166
7/12/2016,486,488.649994,481.100006,484.299988,482.599792,6767972
7/13/2016,485.950012,488.100006,477.950012,481.100006,479.411072,5855718
7/14/2016,480.100006,489.299988,478.950012,486.100006,484.393524,5983007
7/15/2016,480,501.700012,479.649994,494,492.265778,8889558
7/18/2016,495,505,490,492.649994,491.119324,7463954
7/19/2016,493.899994,503.5,493.450012,499.25,497.698822,7665519
7/20/2016,496.299988,502.450012,492.450012,493.899994,492.365448,5697901
7/21/2016,498.450012,500,489.700012,491.049988,489.524292,3658371
7/22/2016,494.450012,508.450012,493.5,507.200012,505.624146,5588143
7/25/2016,505.5,510.950012,503.350006,509,507.418518,4638151
7/26/2016,506.049988,513.349976,502.100006,503.25,501.686401,6187499
7/27/2016,507.75,513.049988,505.5,510.100006,508.515106,5193425
7/28/2016,510,511.899994,498.75,506.850006,505.275208,6338260
7/29/2016,507.799988,510.5,501.100006,503.200012,501.636566,3746332
8/1/2016,506.799988,514.900024,505.5,508.25,506.670868,4748497
8/2/2016,510,511.200012,491.149994,493.299988,491.767303,5251838
8/3/2016,494.5,499.5,475.5,478.399994,476.913605,7925049
8/4/2016,490.100006,501.450012,488.600006,500,498.446503,9476008
8/5/2016,507.200012,518.700012,502.149994,516.400024,514.795593,6393514
8/8/2016,518.200012,522.599976,513.400024,514.799988,513.2005,4649302
8/9/2016,521,522,509.200012,513.799988,512.203613,6015760
8/10/2016,515.599976,516.5,502.299988,503.450012,501.885773,6371139
8/11/2016,503.75,505,495.100006,503.25,501.686401,4112806
8/12/2016,506.899994,519.5,506.149994,516.799988,515.194275,7167435
8/16/2016,512.950012,515,503.299988,507.600006,506.022888,6034295
8/17/2016,511.100006,514.25,505.850006,510.399994,508.814178,5853980
8/18/2016,512.400024,517.900024,510.75,512.049988,510.459045,4990558
8/19/2016,514,515,508.200012,510,508.415436,4567273
8/22/2016,509.100006,513.599976,503.100006,503.950012,502.384247,4330313
8/23/2016,505.25,508.600006,500.450012,504,502.434052,5342115
8/24/2016,504.700012,506.049988,493.600006,498.350006,496.801636,5189459
8/25/2016,498.350006,503.299988,491.299988,493.850006,492.315613,8787262
8/26/2016,502,515.349976,486,503.75,502.184845,16347856
8/29/2016,522.5,528.75,515.400024,525.299988,523.667847,12534399
8/30/2016,528.5,530.799988,524.099976,529,527.356384,6611147
8/31/2016,529,548.799988,529,537.700012,536.029358,15725942
9/1/2016,540.5,546.650024,540,543.650024,541.960876,7571854
9/2/2016,552,555.900024,549.099976,549.849976,548.141602,10097146
9/6/2016,556.349976,593.299988,556.349976,588.700012,586.870911,15813178
9/7/2016,590,598.400024,584,587.400024,585.574951,13408927
9/8/2016,590.75,591.700012,577.75,584.200012,582.384888,10456258
9/9/2016,580,582.950012,571.700012,573.25,571.468933,7159068
9/12/2016,551,560,549.25,553.450012,551.730408,7055294
9/14/2016,556.25,565.349976,544.099976,560.5,558.758545,12364724
9/15/2016,562,566.25,555.400024,557.549988,555.817688,5258859
9/16/2016,562.400024,568.200012,546.349976,548.700012,546.995178,10931845
9/19/2016,553.799988,556.400024,549.450012,554.450012,552.727356,6979269
9/20/2016,555,556.299988,545.5,548.450012,546.745972,6874462
9/21/2016,548.599976,556.400024,544,549.900024,548.191467,5919149
9/22/2016,561.200012,562.950012,551.349976,558.450012,556.714905,6012388
9/23/2016,558.5,558.5,551.200012,553.049988,551.331665,4840360
9/26/2016,549.950012,549.950012,533.75,535.299988,533.63678,6858574
9/27/2016,537.700012,542,530.25,531.950012,530.297241,4912743
9/28/2016,533,545.400024,531.5,540,538.322205,6604953
9/29/2016,543,546.900024,516.650024,526.299988,524.664795,9315794
9/30/2016,525.599976,536.549988,521.200012,534.849976,533.188171,5659248
10/3/2016,539.400024,546,539,540.799988,539.11969,4505939
10/4/2016,547.400024,552.400024,540.650024,549.950012,548.241333,5715454
10/5/2016,555.299988,562.400024,549.75,559.650024,557.911194,5929204
10/6/2016,563.099976,564.200012,549.099976,551.450012,549.736633,4273945
10/7/2016,554.5,567.299988,552.599976,565.700012,563.942383,9122002
10/10/2016,571.099976,571.099976,560.900024,562.049988,560.303711,3673211
10/13/2016,556.900024,556.900024,537,544.849976,543.157104,9510827
10/14/2016,546,557.450012,545,556.099976,554.372192,5872827
10/17/2016,557.849976,557.849976,545.900024,547.549988,545.848755,3463154
10/18/2016,549.200012,556,549.200012,554.25,552.527954,3965424
10/19/2016,552.049988,554.900024,545.049988,550.5,548.789612,4275157
10/20/2016,553.049988,554,546,546.849976,545.150879,2770011
10/21/2016,549,550,541.5,544.5,542.808228,2789747
10/24/2016,544,564,543.549988,559.799988,558.060669,5161299
10/25/2016,549.849976,561,549.099976,553.799988,552.079346,5690576
10/26/2016,548,548,523.150024,530.049988,528.403137,6665017
10/27/2016,515.599976,525.75,510.75,522,520.378113,18470182
10/28/2016,527,539.950012,525.099976,537,535.331543,5665910
11/1/2016,534.400024,537.900024,525.049988,530.599976,528.951416,6848662
11/2/2016,522.599976,526,512.349976,513.299988,511.70517,4750117
11/3/2016,509.799988,521.450012,505.200012,510.200012,508.614807,6909458
11/4/2016,509.25,516.349976,501.600006,512.299988,510.708252,7564243
11/7/2016,513,521.299988,505.049988,506.350006,504.776764,5507954
11/8/2016,518.400024,543,517,540.200012,538.521606,12739083
11/9/2016,501.149994,544,500,533.5,531.842407,10276017
11/10/2016,536,549.349976,531.5,533.700012,532.041809,6906437
11/11/2016,526.5,530,505,507.299988,505.723816,7823667
11/15/2016,484.899994,484.899994,453,457.399994,455.978851,15356070
11/16/2016,468.450012,471.700012,450,458.450012,457.025604,10855618
11/17/2016,460,476,459.649994,472.850006,471.380859,8949767
11/18/2016,469.899994,473.850006,461.850006,471.25,469.785828,7246244
11/21/2016,468,472.799988,451.5,456.950012,455.530273,7325876
11/22/2016,464.049988,471,453.299988,464.850006,463.405701,6644867
11/23/2016,467,475.299988,462,471.5,470.035034,6727083
11/24/2016,466.350006,466.350006,449.700012,452.950012,451.542694,8046995
11/25/2016,454.100006,456.350006,443.149994,452.350006,450.94455,7426347
11/28/2016,451.25,460,450.5,454.700012,453.287262,5025929
11/29/2016,455,466.299988,451.350006,459.850006,458.421234,8570549
11/30/2016,460,463.799988,455.100006,459.299988,457.872925,8377510
12/1/2016,457,457.700012,446.899994,448.200012,446.807465,7706825
12/2/2016,445,453.5,431.149994,432.899994,431.554962,10450654
12/5/2016,436,441,428.299988,439.299988,437.935089,8211182
12/6/2016,441,445.899994,438.100006,441.100006,439.729492,4209420
12/7/2016,440,449.200012,439.25,445.350006,443.966309,5559803
12/8/2016,451.200012,464.399994,451.200012,461.549988,460.115936,8176055
12/9/2016,464.950012,468.549988,460.600006,464.100006,462.658051,5690877
12/12/2016,461.950012,461.950012,451.049988,454.399994,452.988159,3837786
12/13/2016,476.799988,486.25,462.25,470.649994,469.187683,63880404
12/14/2016,470.200012,476.799988,462.649994,472.350006,470.882416,7660437
12/15/2016,464,473.600006,462.5,463.200012,461.760834,6539067
12/16/2016,465,474.899994,464.200012,473.149994,471.679901,9015744
12/19/2016,470.899994,478.549988,465.5,471.799988,470.334106,5445624
12/20/2016,473,475,469.100006,473.149994,471.679901,3690160
12/21/2016,473.5,474.5,467.100006,468.5,467.044373,3492856
12/22/2016,468.149994,472.950012,464.799988,469.600006,468.140961,5436494
12/23/2016,464.950012,468.299988,460,465.649994,464.203217,3957854
12/26/2016,465.5,465.5,455.600006,457.850006,456.42746,3282425
12/27/2016,460,468.75,457.399994,466.950012,465.499207,3164664
12/28/2016,467,468.649994,462,463.350006,461.91037,3772181
12/29/2016,462.75,472.700012,459.350006,470.899994,469.43689,4763171
12/30/2016,471,475,467.5,472,470.533478,3605555
1/2/2017,472,488.700012,469.049988,487.049988,485.536713,4024156
1/3/2017,491,492.700012,479.899994,481.100006,479.605225,5814518
1/4/2017,484.649994,493.700012,484.100006,486.649994,485.13797,4769872
1/5/2017,496,503.399994,495.549988,502.149994,500.589813,7961242
1/6/2017,502.950012,507.950012,496.25,497.75,496.203491,4907475
1/9/2017,499.399994,504.600006,492.149994,500.149994,498.596008,3932710
1/10/2017,506.549988,518,505.950012,516.25,514.645996,7973024
1/11/2017,520.25,523.950012,517.150024,519.25,517.636658,4886398
1/12/2017,521.700012,524,513.200012,518.25,516.639771,4219627
1/13/2017,523.25,523.25,507.5,514.849976,513.250305,6367248
1/16/2017,518.650024,529.450012,517,526.400024,524.764465,6084582
1/17/2017,528.099976,530.799988,521,523.700012,522.072876,4297426
1/18/2017,523.049988,529.599976,521.200012,522.450012,520.826782,5874608
1/19/2017,523,535.599976,522.700012,531.450012,529.798767,5810128
1/20/2017,527.400024,529.299988,521.25,523.200012,521.574402,5013928
1/23/2017,523.200012,534.950012,523,532.700012,531.044922,4209879
1/24/2017,533,543,532.349976,541.549988,539.867371,5183630
1/25/2017,543.25,551.900024,541.549988,548.900024,547.19458,4504941
1/27/2017,549,552,539.75,541.950012,540.266174,4493803
1/30/2017,542,543.5,530.799988,532.299988,530.646118,4163428
1/31/2017,530.200012,531.5,518,523.549988,521.92334,6035022
2/1/2017,527.5,544.5,522.900024,542.25,540.565247,4786720
2/2/2017,537.599976,537.599976,526.799988,531.5,529.848633,6579801
2/3/2017,531.900024,531.900024,519.5,522.599976,520.976257,5298261
2/6/2017,527.900024,531.450012,523.200012,525.849976,524.216125,3642527
2/7/2017,524.799988,524.799988,502,506.799988,505.225342,7987282
2/8/2017,512.349976,514.950012,506.299988,513.049988,511.455933,5975054
2/9/2017,515.400024,518,505.75,512.849976,511.256531,4099871
2/10/2017,513,514.799988,506.5,509.549988,507.966797,4732032
2/13/2017,512.700012,512.700012,503.299988,505.299988,503.730011,4700518
2/14/2017,503,506.700012,466.549988,482.049988,480.552246,14901414
2/15/2017,449.049988,453,434.350006,436.450012,435.093964,38638630
2/16/2017,442.549988,447.600006,435.399994,446,444.614258,11622714
2/17/2017,447.899994,456.600006,442.399994,452.950012,451.542694,10063504
2/20/2017,451.5,458.450012,449,455.450012,454.034912,5866707
2/21/2017,456.899994,462.799988,454.5,458.649994,457.224976,6875914
2/22/2017,460.25,466.700012,455.799988,460.049988,458.620605,7315280
2/23/2017,464,464.700012,457.25,462.350006,460.913483,9492419
2/27/2017,464,464,455.100006,457.799988,456.377594,5510484
2/28/2017,460,460,454.100006,456.75,455.330872,5722402
3/1/2017,455.899994,455.899994,448,449.450012,448.053558,8367579
3/2/2017,457.850006,467.899994,453.200012,461.700012,460.265503,13667695
3/3/2017,463.299988,466.850006,458.600006,459.950012,458.520935,7085620
3/6/2017,462.5,472.700012,462.100006,470.799988,469.337219,4036291
3/7/2017,469.5,475.899994,466.049988,467.549988,466.09729,7114541
3/8/2017,469.399994,469.600006,461.149994,462.799988,461.362061,5351597
3/9/2017,462.450012,469.700012,462,467.600006,466.147156,3837624
3/10/2017,471,471.850006,465.100006,469.100006,467.642517,5766815
3/14/2017,481,483,468.450012,469.75,468.290466,6348198
3/15/2017,475,476.549988,470.649994,473.450012,471.979004,4801312
3/16/2017,478.700012,482,476.149994,480.950012,479.455688,6272947
3/17/2017,481.350006,484.200012,471.700012,476.5,475.019501,6338248
3/20/2017,476.549988,478.200012,470.75,476,474.521057,2871104
3/21/2017,478,478.049988,470.649994,473.75,472.278046,4685410
3/22/2017,469.950012,469.950012,458.5,459.899994,458.471069,4695648
3/23/2017,461.299988,477,461.299988,472.899994,471.430695,8665384
3/24/2017,470.75,474.799988,467.549988,470.399994,468.938446,4296510
3/27/2017,469,469.149994,462.100006,464.75,463.30603,4417413
3/28/2017,467.5,473,467.5,472.399994,470.932251,2982614
3/29/2017,474.899994,475,463.600006,469.049988,467.592651,6680569
3/30/2017,463.5,469.799988,462.850006,468.399994,466.944672,9482785
3/31/2017,466.5,472.5,464.5,465.850006,464.402618,6400088
4/3/2017,468.25,472.299988,467.600006,470.399994,468.938446,2951896
4/5/2017,470.399994,475,467.25,473.5,472.028839,5287168
4/6/2017,474.299988,478.5,470.600006,473.200012,471.729767,6703078
4/7/2017,468.450012,480.549988,466.649994,468.299988,466.844971,8089461
4/10/2017,471.649994,478.299988,467.549988,474.899994,473.424469,5437523
4/11/2017,477.899994,478.350006,471.100006,472.25,470.782715,4887918
4/12/2017,468.700012,471.549988,461.600006,464.549988,463.106628,5991598
4/13/2017,461.850006,463.350006,451.200012,453.350006,451.941437,5930185
4/17/2017,452,455.700012,447.299988,449.200012,447.804352,4913930
4/18/2017,452,455.75,442.5,443.700012,442.321442,4235130
4/19/2017,443,449.5,438.299988,443.049988,441.673431,6319332
4/20/2017,447.850006,447.850006,442.100006,443.950012,442.570648,3288900
4/21/2017,446.75,448.450012,437.600006,440.600006,439.231049,5325590
4/24/2017,439.799988,449,438.75,443.850006,442.470947,6214069
4/25/2017,445.850006,447.75,443.299988,445.649994,444.26535,5894090
4/26/2017,446,454.399994,445.5,450.799988,449.399353,8438042
4/27/2017,455,460.899994,452.700012,455.350006,453.935242,10589249
4/28/2017,457.100006,462,454.399994,458.899994,457.474182,5126904
5/2/2017,456.600006,457.200012,448.549988,451.25,449.847961,6071958
5/3/2017,451.350006,456,444.649994,446.600006,445.212402,5158586
5/4/2017,446.649994,448.100006,435.149994,436.5,435.143799,6204022
5/5/2017,436.5,436.5,418,419.600006,418.296295,9487539
5/8/2017,424.75,428.700012,417.25,422.649994,421.336823,7427873
5/9/2017,424.75,428.799988,422.700012,426.799988,425.473907,2833132
5/10/2017,427.799988,433,424,432.299988,430.956818,5378402
5/11/2017,434,434.5,425.399994,427.450012,426.121918,4049649
5/12/2017,429.649994,433.799988,427.450012,430.850006,429.511353,3850940
5/15/2017,434,434,430.100006,431.899994,430.558075,1885702
5/16/2017,432.25,439.5,432.25,437.25,435.891449,3452072
5/17/2017,436.5,452.5,435.100006,449.100006,447.704651,6572678
5/18/2017,442,448.700012,436,437.950012,436.589294,6158546
5/19/2017,439,444.950012,434.600006,443.350006,441.972504,4387481
5/22/2017,446,452.75,442.600006,449.649994,448.25293,6145914
5/23/2017,451.450012,456.450012,444.299988,450.5,449.100281,10330814
5/24/2017,470,473.350006,458.100006,469.549988,468.091095,27370795
5/25/2017,470,479,464.700012,476,474.521057,15108872
5/26/2017,474.100006,488.25,473.5,481.100006,479.605225,7692869
5/29/2017,482.5,485,471.799988,481.5,480.003967,4253044
5/30/2017,482.700012,487,480,481.299988,479.804596,3101380
5/31/2017,482.299988,483,474.799988,476.149994,474.670593,5393856
6/1/2017,476.950012,479.700012,473.549988,476.649994,475.169037,3001232
6/2/2017,480,485.950012,477.700012,478.75,477.262512,4319080
6/5/2017,478.299988,481.899994,475.200012,478.149994,476.664368,2464819
6/6/2017,482.899994,484.350006,457.600006,461,459.567657,8016939
6/7/2017,462.549988,463.649994,453.5,458,456.576996,5250544
6/8/2017,459.5,463.450012,457.350006,460.799988,459.368286,4066322
6/9/2017,459.950012,468,455,467.100006,465.648712,4598706
6/12/2017,463.75,465.25,455.200012,456.25,454.832428,4341696
6/13/2017,457.149994,458.75,448,449.549988,448.153229,3577406
6/14/2017,450.799988,453.399994,447.049988,451.950012,450.545807,3605931
6/15/2017,452,457.850006,446.950012,448.299988,446.907104,3879154
6/16/2017,454.700012,458.399994,452,455.75,454.333984,7042094
6/19/2017,453.799988,456.399994,450.5,452.350006,450.94455,3869675
6/20/2017,457,470.75,456,467.399994,465.947784,12014975
6/21/2017,466,466,455.5,457.299988,455.87915,5436141
6/22/2017,458.850006,463,451.600006,452.700012,451.293457,5008885
6/23/2017,454,456.5,442.399994,443.149994,441.773132,6753648
6/27/2017,443.799988,444.5,434.399994,442.299988,440.925751,5915274
6/28/2017,443.899994,446.799988,440.149994,442.5,441.125153,4960238
6/29/2017,444.5,446.25,434,435.600006,434.246582,11085101
6/30/2017,433.899994,435.600006,428.049988,432.549988,431.206055,4776892
7/3/2017,431.5,434.700012,426.25,430.25,428.913208,6230025
7/4/2017,434.200012,436.399994,426,426.899994,425.573608,5020683
7/5/2017,428.899994,433.950012,427.399994,431.75,430.408539,5050749
7/6/2017,435.399994,438.799988,433.799988,437.100006,435.741943,4038188
7/7/2017,434.450012,441.450012,432.25,436.850006,435.492706,5311730
7/10/2017,446.600006,448.100006,444,446.950012,445.56134,1154721
7/11/2017,452,462.299988,451,456.950012,455.530273,12069006
7/12/2017,461,463.799988,456.600006,461,459.567657,6051540
7/13/2017,464.5,464.5,455.549988,459.049988,457.623718,4382063
7/14/2017,460,460,450.399994,451.299988,449.897797,3974269
7/17/2017,455,458.350006,453.25,454.149994,452.738953,4922453
7/18/2017,452.600006,459.5,452.600006,456.149994,454.732727,2349268
7/19/2017,453,462.899994,453,460.600006,459.168915,3395937
7/20/2017,463.5,464.350006,457.350006,460.149994,458.720306,3318626
7/21/2017,460,465.899994,457.600006,464.600006,463.156494,3150269
7/24/2017,464.950012,468.350006,461,464,462.55835,3773074
7/25/2017,462.149994,464.700012,454.700012,456.100006,454.682892,7052112
7/26/2017,457.200012,458.700012,455,457.299988,455.87915,3641559
7/27/2017,459,460.950012,440.299988,445.399994,444.016144,13738611
7/28/2017,444.600006,447.450012,442.450012,445.850006,444.464752,3365171
7/31/2017,446.25,449.700012,443.700012,444.600006,443.218628,3804621
8/1/2017,446.549988,452.350006,445.700012,446.899994,445.511475,4012791
8/2/2017,449.5,449.950012,438.149994,440.350006,438.981842,4045533
8/3/2017,441,441.5,429.600006,431.450012,430.109497,6197142
8/4/2017,435.100006,438.75,433.450012,435.600006,434.246582,4166729
8/7/2017,438.600006,439.799988,425.299988,430,428.663971,6461815
8/8/2017,432,435.5,426,430,428.663971,7134979
8/9/2017,428.799988,429.899994,415,416.049988,414.757324,10849567
8/10/2017,401,403.600006,375.25,380.200012,379.018738,28114017
8/11/2017,376,379.100006,358.5,374.5,373.336426,14699477
8/14/2017,380,381.799988,372.600006,375.399994,374.233612,8216208
8/16/2017,379.450012,390.700012,375.5,389.25,388.040588,11019760
8/17/2017,392.450012,392.450012,384.5,385.299988,384.102844,5971420
8/18/2017,381.75,383,377,380.399994,379.218079,5856198
8/21/2017,382,382.549988,371.299988,374.350006,373.18689,5123101
8/22/2017,378.799988,379.950012,372.25,373.600006,372.43924,4163794
8/23/2017,376,381.149994,373.350006,379.950012,378.769501,4448871
8/24/2017,380.100006,385.950012,380.100006,384.149994,382.956421,5208541
8/28/2017,385.850006,387.399994,378.299988,379.299988,378.12149,4403872
8/29/2017,379,382.350006,374.450012,376.100006,374.931458,4689547
8/30/2017,380.850006,382.75,377.450012,378.5,377.324005,3734824
8/31/2017,380.049988,380.450012,375.799988,376.549988,375.380035,4685511
9/1/2017,379.350006,392.850006,378.649994,390.850006,389.63562,7380325
9/4/2017,393,396.049988,380.5,383.399994,382.208771,8433560
9/5/2017,385.700012,389.5,383.399994,388.149994,386.944,4477993
9/6/2017,385,386.700012,381.850006,382.700012,381.510956,5953907
9/7/2017,383.700012,384.399994,376,378.149994,376.975067,7938665
9/8/2017,381,381.799988,374.049988,375.049988,373.884705,7471355
9/11/2017,380,380,374.200012,375.299988,374.133942,5402725
9/12/2017,378.700012,390,375.5,388.25,387.043701,9266823
9/13/2017,391,393.950012,387.200012,389.649994,388.439362,6537279
9/14/2017,390.75,406.600006,390.25,404.399994,403.143524,11476571
9/15/2017,402.850006,406.75,400,401.75,400.50177,9675506
9/18/2017,411.850006,413,403.200012,404.950012,403.691833,8966503
9/19/2017,415,427.700012,414,423.649994,422.33371,28208471
9/20/2017,422.75,422.75,413,414.799988,413.5112,5179160
9/21/2017,415.399994,418.450012,408.799988,413.649994,412.364777,6946502
9/22/2017,414,422.149994,408.850006,411.799988,410.520508,9781308
9/25/2017,413.649994,415.299988,404.600006,408.200012,406.931732,6957357
9/26/2017,409.399994,413.899994,403.299988,411.25,409.972229,5077291
9/27/2017,413.5,414.25,402,404.899994,403.641968,4727360
9/28/2017,406.950012,406.950012,399,401.399994,400.152832,4850748
9/29/2017,401.399994,405,397.399994,401.5,400.252533,7520906
10/3/2017,428,428,415,416,414.707489,9696920
10/4/2017,417.549988,426,412.700012,423.549988,422.234009,7663143
10/5/2017,423,425.799988,420.100006,423.299988,421.984802,4606192
10/6/2017,422,426,416.200012,424.850006,423.529999,5308695
10/9/2017,424,432.100006,423.049988,425.600006,424.277649,4414381
10/10/2017,425.600006,428.899994,421.399994,423.600006,422.283875,5057869
10/11/2017,424.899994,424.899994,414.100006,415.5,414.209045,4320451
10/12/2017,415.5,421.799988,409.350006,420.149994,418.844574,5442846
10/13/2017,421,429.299988,418.899994,424.799988,423.480133,6969434
10/16/2017,426.299988,438,425.850006,437.049988,435.692078,8476709
10/17/2017,435.75,435.75,430.200012,432.299988,430.956818,5135763
10/18/2017,432.25,437.299988,426.600006,433.200012,431.854065,5539785
10/19/2017,433,433.100006,424.25,426.950012,425.623474,1313380
10/23/2017,429.100006,430.850006,421,422.75,421.436523,4013418
10/24/2017,422.75,423.799988,415.049988,416.049988,414.757324,4541742
10/25/2017,421,424.399994,415.100006,421.950012,420.639008,5666968
10/26/2017,421.700012,422.399994,417,419.399994,418.096924,6207936
10/27/2017,422.049988,434.350006,422.049988,429.899994,428.564301,7414741
10/30/2017,428.25,440.950012,428.25,436.549988,435.193634,7675104
10/31/2017,438.850006,438.850006,427.299988,428.399994,427.068939,6214996
11/1/2017,430.950012,439.950012,428.450012,437.75,436.389893,7310931
11/2/2017,435.700012,440.399994,429.899994,434.899994,433.548767,8262211
11/3/2017,434,449.350006,432.649994,447.700012,446.30899,8116263
11/6/2017,445.75,468,443.549988,462.899994,461.461761,19456789
11/7/2017,458.200012,465.899994,450.049988,451.850006,450.446106,13266543
11/8/2017,448,455,431.299988,438.200012,436.838531,11193613
11/9/2017,442.100006,450.899994,425.649994,440.149994,438.78244,40547266
11/10/2017,438.950012,438.950012,420,422.549988,421.237122,22534490
11/13/2017,423,427.5,416.100006,418.100006,416.800964,9857544
11/14/2017,418.549988,421.850006,410.649994,414.299988,413.012756,8987515
11/15/2017,414.299988,417.549988,407,408.649994,407.38031,9867270
11/16/2017,411.350006,415.899994,411.350006,413.450012,412.165405,6291441
11/17/2017,419.450012,423.450012,417,421.799988,420.489441,6191428
11/20/2017,421,425.700012,420.100006,423,421.68573,4051153
11/21/2017,424.450012,430,422.5,424.25,422.931854,6745407
11/22/2017,425.450012,433,424.5,428.600006,427.268341,7899417
11/23/2017,428.600006,431.049988,422.450012,426.25,424.925629,7374216
11/24/2017,427,429.950012,424.25,425.5,424.177979,5108182
11/27/2017,423,424.75,417.799988,421.399994,420.090698,7946028
11/28/2017,419.799988,422.25,414.5,415.950012,414.657654,6217480
11/29/2017,415.899994,419.450012,412.049988,413.950012,412.663879,4327453
11/30/2017,410.399994,412.25,402.25,404.149994,402.894287,25646262
12/1/2017,407.899994,410.25,396.5,398.899994,397.660614,7959197
12/4/2017,405.799988,411.25,401.700012,403.649994,402.395844,10043491
12/5/2017,404.549988,405.5,396.549988,402.25,401.000214,7144542
12/6/2017,400.200012,404,395,397.049988,395.816345,5573968
12/7/2017,398,405.299988,397.149994,402,400.750977,7998863
12/8/2017,406,413.75,406,411.149994,409.872559,12288946
12/11/2017,412,415.200012,409.049988,410.149994,408.875641,5066242
12/12/2017,411.549988,415.5,405.950012,406.850006,405.585907,6151197
12/13/2017,407,409.850006,400,401.950012,400.701141,5140689
12/14/2017,404,404.549988,398.200012,402.399994,401.149719,4674026
12/15/2017,406.5,409,404.200012,405.100006,403.84137,5614113
12/18/2017,399,409.899994,389.299988,405.799988,404.539154,5356208
12/19/2017,407.350006,421.700012,407.350006,420.100006,418.794739,9686883
12/20/2017,421.950012,427.75,419.25,422.600006,421.286987,11191127
12/21/2017,424,426.049988,419.549988,420.799988,419.492554,4885225
12/22/2017,422.049988,426.399994,420.899994,422,420.688843,5345261
12/26/2017,422,425.149994,421.149994,424.200012,422.882019,3700655
12/27/2017,423.5,428.450012,420.299988,422.450012,421.137451,3673355
12/28/2017,423.5,423.700012,416,418.600006,417.299408,5018893
12/29/2017,418,433.450012,417.149994,431.850006,430.50824,8640908
1/1/2018,430.950012,436.399994,422.25,424.450012,423.131256,6807536
1/2/2018,428.850006,440.850006,422,439.299988,437.935089,15331261
1/3/2018,440.399994,441.399994,431.950012,433.899994,432.551849,9794953
1/4/2018,430,433.299988,425.75,429.950012,428.614166,8395377
1/5/2018,431.25,436.350006,429.799988,431.600006,430.259033,7021611
1/8/2018,432,436.200012,431.649994,433.549988,432.202942,4635214
1/9/2018,434.25,443.5,433,437.549988,436.190521,12629045
1/10/2018,438,439.299988,431.299988,433.299988,431.953705,4702579
1/11/2018,433.5,437.600006,432.899994,434.75,433.399231,4564895
1/12/2018,437,441.450012,432.100006,437.100006,435.741943,7408870
1/15/2018,438.049988,440.049988,431.049988,432.350006,431.006683,4042775
1/16/2018,433,435.200012,419.5,421.899994,420.589142,5623745
1/17/2018,422.049988,424.5,410.100006,422.950012,421.635895,10204447
1/18/2018,424,428.299988,414.450012,418.950012,417.648315,9579830
1/19/2018,415.200012,421.950012,415.049988,418.049988,416.751099,3894062
1/22/2018,419.049988,424.399994,418.450012,421.899994,420.589142,4643782
1/23/2018,422.799988,422.799988,414.75,418,416.701263,6185011
1/24/2018,416,416.25,402.649994,403.600006,402.346008,10789570
1/25/2018,403.450012,407.649994,398,400.299988,399.056244,16312167
1/29/2018,402.5,405.899994,398.100006,399.25,398.009521,5789602
1/30/2018,400,402.299988,395,395.850006,394.620087,6963005
1/31/2018,395.5,400.950012,395.25,399.5,398.258759,5111454
2/1/2018,399.899994,403.799988,390.549988,393.649994,392.42691,7259426
2/2/2018,392,397.399994,381.299988,383.75,382.557678,10070356
2/5/2018,381,398,380,395.799988,394.570221,9876017
2/6/2018,363,379.850006,356.5,375.450012,374.283478,25294860
2/7/2018,380.399994,385.399994,375.200012,377.799988,376.62616,12706795
2/8/2018,379.899994,380,372.200012,374.850006,373.685333,12452396
2/9/2018,369.899994,373.200012,368,368.75,367.604279,8816777
2/12/2018,373.399994,376.200012,370.200012,371.799988,370.644806,6002369
2/14/2018,372.899994,382.299988,370.600006,376.850006,375.679138,9623436
2/15/2018,379.799988,382.200012,373.100006,375.799988,374.632385,10225880
2/16/2018,378,379.399994,367.600006,370.75,369.598083,8545282
2/19/2018,373.700012,374.700012,362.799988,368.75,367.604279,5658765
2/20/2018,370.350006,370.899994,366.5,369.299988,368.152557,3972114
2/21/2018,372.5,372.5,362.850006,364.450012,363.317657,8640166
2/22/2018,363,363,357.5,358.5,357.386139,10870704
2/23/2018,360.100006,364.600006,358.75,360.200012,359.080872,6751064
2/26/2018,362,373.5,362,372.049988,370.894012,10576794
2/27/2018,375,376.600006,370.350006,372.549988,371.392456,6156672
2/28/2018,370,373.649994,367.149994,369.899994,368.750702,8009429
3/1/2018,369.75,376.299988,369.049988,370.75,369.598083,6991806
3/5/2018,368.75,368.75,350.100006,352.049988,350.956177,14665325
3/6/2018,355.149994,357.950012,345,346.5,345.423431,8876632
3/7/2018,345,355.299988,343.25,347.799988,346.71936,15599393
3/8/2018,350.799988,351.899994,341.049988,345.149994,344.077606,7674221
3/9/2018,345.549988,348.700012,340.149994,341.5,340.438965,5519224
3/12/2018,345,353.799988,340.350006,352.600006,351.504486,8238960
3/13/2018,352.600006,356.450012,350,353.149994,352.052765,6184241
3/14/2018,351,354.899994,349.600006,354.049988,352.949951,3820313
3/15/2018,354.049988,358.399994,351.100006,353.100006,352.00293,4331145
3/16/2018,352.049988,352.600006,338.399994,339.75,338.694397,14205582
3/19/2018,341.200012,342.100006,332.549988,335.700012,334.656982,9391347
3/20/2018,335.5,340.399994,333.549988,338.799988,337.747345,5080453
3/21/2018,339.899994,342.25,332.25,333.850006,332.812744,6812442
3/22/2018,338.5,340.25,334.799988,338.200012,337.149231,9255091
3/23/2018,330,334.799988,329.600006,330.850006,329.822052,8578297
3/26/2018,328.799988,333.899994,324.299988,332.350006,331.317383,8907023
3/27/2018,333.950012,335.799988,330.100006,331.149994,330.121094,6822448
3/28/2018,331.5,333.649994,325.200012,326.850006,325.834473,10975624
4/2/2018,335,340.799988,332.700012,339.149994,338.096252,9874486
4/3/2018,338.399994,344.5,337.149994,343.100006,342.033997,6989584
4/4/2018,346.799988,363.700012,346.25,355.600006,354.495148,27157199
4/5/2018,362.600006,372.350006,359.799988,362.200012,361.074646,28886070
4/6/2018,362,368.350006,356.450012,364.100006,362.96875,13297051
4/9/2018,361.899994,368.600006,357,358.299988,357.186737,9555113
4/10/2018,360.5,362.350006,351.5,353.25,352.152435,8201215
4/11/2018,355,357.149994,350.5,355.799988,354.694519,5622957
4/12/2018,358,364.399994,357,358.399994,357.286438,13145938
4/13/2018,357.899994,361,354.399994,357.049988,355.940643,5935628
4/16/2018,350.799988,352.799988,337.549988,339.149994,338.096252,19157051
4/17/2018,342.299988,344.200012,332.600006,336.450012,335.404663,14241074
4/18/2018,338.200012,339.75,333.399994,334.799988,333.759766,6699271
4/19/2018,336.5,337,332.5,334.25,333.211487,7087115
4/20/2018,335.950012,343.25,334.600006,336,334.956055,11908652
4/23/2018,335.950012,339.5,333,334.049988,333.012085,8056732
4/24/2018,334.799988,335,330.600006,331.549988,330.519867,9210931
4/25/2018,330.799988,334,327.75,328.600006,327.579041,6306039
4/26/2018,329.899994,335.950012,326,330.25,329.223907,16647689
4/27/2018,333,337.649994,331.049988,336.899994,335.853241,8804236
4/30/2018,338.5,342.75,337.25,340.399994,339.342377,5937740
5/2/2018,349.200012,351.649994,335,336.049988,335.00589,16022148
5/3/2018,335.5,335.899994,329.149994,333.5,332.463806,6870513
5/4/2018,333.75,337.299988,329.5,334.399994,333.361023,6660062
5/7/2018,337.850006,337.850006,333.700012,335.149994,334.108673,3888627
5/8/2018,336.299988,336.600006,330.25,332.149994,331.118011,8114997
5/9/2018,331,347.25,331,341.950012,340.887573,19019847
5/10/2018,343.75,343.75,332.75,333.600006,332.563507,11158000
5/11/2018,334,334,330,330.799988,329.772186,7365579
5/14/2018,333,333,323,323.600006,322.594574,8312976
5/15/2018,324,324.049988,305.700012,310.100006,309.136536,15323964
5/16/2018,309.950012,315.75,306.700012,310.25,309.286041,12051269
5/17/2018,313.100006,319.5,309.299988,314.899994,313.9216,10214660
5/18/2018,314.75,315,303.5,304.600006,303.653625,11688577
5/21/2018,304.75,307.200012,294.700012,295.899994,294.980621,11549490
5/22/2018,296.549988,312.5,296.549988,307.700012,306.743988,17199292
5/23/2018,311.100006,317.25,305.399994,309.450012,308.488556,17698475
5/24/2018,300,307.649994,284.100006,288.649994,287.753143,46104103
5/25/2018,290.399994,297.450012,286.25,294.149994,293.236053,19240172
5/28/2018,293.75,299.899994,290.299988,296.299988,295.379395,8516862
5/29/2018,296.799988,300,293,294.649994,293.734528,9816561
5/30/2018,289.950012,292.25,286.149994,288.899994,288.00238,11649429
5/31/2018,289.950012,290.850006,281.600006,282.5,281.622284,28771987
6/1/2018,284.5,290.350006,283.049988,287.200012,286.307678,15840810
6/4/2018,292.5,293.850006,286,286.649994,285.759369,10835487
6/5/2018,286.649994,288.25,283.600006,284.950012,284.064667,7456195
6/6/2018,286.850006,296.899994,285.25,295.649994,294.731415,19754001
6/7/2018,296.299988,306.899994,295.25,305.399994,304.451111,22839023
6/8/2018,305.700012,315.549988,302.399994,309.950012,308.987,27249374
6/11/2018,310.899994,313.899994,306.649994,309.75,308.787598,14650133
6/12/2018,310.950012,313.649994,307.200012,307.799988,306.843658,7932388
6/13/2018,309.200012,311.25,307,308.399994,307.441803,7280886
6/14/2018,308.5,309.600006,303.799988,305.899994,304.949554,6532693
6/15/2018,305.75,307.649994,300.549988,302.950012,302.008728,8224497
6/18/2018,302.899994,311,302.100006,308.799988,307.840546,8787098
6/19/2018,309.600006,312.799988,303.299988,305.049988,304.102203,10498362
6/20/2018,304.899994,308.25,304.049988,305.600006,304.650513,6607472
6/21/2018,307.899994,308.5,305.5,307,306.046143,5085379
6/22/2018,306.850006,308.899994,303.200012,308,307.04303,6033095
6/25/2018,306.299988,306.299988,287.600006,289.399994,288.500824,16392183
6/26/2018,288.399994,288.399994,275.100006,276.850006,275.989838,30728620
6/27/2018,278.5,279.5,270,271.049988,270.207825,19077416
6/28/2018,272,272.649994,261.850006,263.350006,262.531769,19507165
6/29/2018,265.450012,270.5,262.649994,269.299988,268.463257,14765516
7/2/2018,276,276.049988,265.600006,266.700012,265.871368,16495647
7/3/2018,269.5,271.5,267.200012,269.450012,268.612823,11484332
7/4/2018,270,271.5,265.649994,267.049988,266.220245,7394858
7/5/2018,263.5,263.75,252.550003,261.549988,260.737335,20820454
7/6/2018,262,272.5,261.850006,270.850006,270.008484,19215897
7/9/2018,274.600006,277,272.049988,273.5,272.650238,9387556
7/10/2018,274.899994,276.899994,272.899994,275.450012,274.594177,6351033
7/11/2018,276.399994,276.399994,267.100006,267.799988,266.967926,7356582
7/12/2018,269.600006,272,265.5,266.100006,265.273224,8573517
7/13/2018,267.299988,269.399994,262.700012,263.600006,262.781006,8352827
7/16/2018,260.5,260.799988,250.5,252.100006,251.316727,11067012
7/17/2018,253,259,252.300003,257.950012,257.14856,6350966
7/18/2018,259.450012,259.450012,247.300003,251.850006,251.067505,9348644
7/19/2018,254,257.850006,251.199997,252.5,251.715485,9556686
7/20/2018,252.699997,254,251,253.399994,252.612671,6422014
7/23/2018,254.949997,259.5,251.100006,258.75,257.946075,8891743
7/24/2018,258.75,263.75,257.100006,258.799988,257.99588,9906160
7/25/2018,260,261.700012,256.100006,257.850006,257.048859,6721386
7/26/2018,260.100006,263,257.5,258.25,257.447601,8817721
7/27/2018,259.100006,269.700012,258.549988,268.149994,267.316864,15275469
7/30/2018,267.75,271.649994,266.200012,267.5,266.668884,7801098
7/31/2018,268.950012,270.450012,262.200012,264.100006,263.279449,10026055
8/1/2018,250,268,250,265.049988,264.226471,53282545
8/2/2018,263.450012,266.450012,258.700012,260.850006,260.039551,17421472
8/3/2018,262.149994,263.850006,257.600006,258.450012,257.647003,9041836
8/6/2018,259.950012,261.799988,252.5,254.050003,253.260666,11371744
8/7/2018,255.199997,256,250.550003,251.600006,250.818283,14490727
8/8/2018,253.5,258.25,251.850006,255.149994,254.357239,16125867
8/9/2018,256.649994,260.399994,255.5,257.850006,257.048859,7777719
8/10/2018,257.25,258.649994,249.550003,250.100006,249.322937,14606037
8/13/2018,249.25,249.699997,243.100006,248.699997,247.927277,13877900
8/14/2018,248.600006,249.850006,247.199997,248.800003,248.026978,9171033
8/16/2018,245.800003,252.800003,245.25,251.300003,250.519211,14148347
8/17/2018,253.699997,260.100006,253,258.25,257.447601,16117660
8/20/2018,261.850006,271.850006,259.200012,270.100006,269.260803,25576718
8/21/2018,271.850006,274.700012,266.700012,268.799988,267.964813,19505584
8/23/2018,269.200012,269.200012,256,256.899994,256.101807,18667622
8/24/2018,257,258.649994,255,255.5,254.706161,8703468
8/27/2018,257,259.5,256.5,258.799988,257.99588,6127707
8/28/2018,261.700012,263.25,259.049988,260,259.192169,8506857
8/29/2018,261.049988,263.5,261,261.700012,260.886902,5117552
8/30/2018,262.299988,263,259,259.350006,258.544189,6333570
8/31/2018,259.100006,268.25,258.100006,267.5,266.668884,12360078
9/3/2018,271.399994,273,265.25,266.600006,265.771667,14597832
9/4/2018,270.5,270.799988,260.350006,261.950012,261.136139,14775900
9/5/2018,261,271,255.399994,266.5,265.671967,10084307
9/6/2018,269.700012,272,263.850006,269.950012,269.111267,14736214
9/7/2018,269.549988,279.899994,269.25,277.399994,276.538116,26189156
9/10/2018,276,282,271.75,275.700012,274.843414,21322969
9/11/2018,277.25,278.850006,265.700012,267.299988,266.469482,13444031
9/12/2018,268.200012,268.200012,258.850006,262.399994,261.584717,14456273
9/14/2018,265,269.600006,263.399994,266.600006,265.771667,10710620
9/17/2018,263.350006,264.100006,259.649994,260.25,259.441406,9461420
9/18/2018,257.75,259.799988,250.600006,251.5,250.718582,11554420
9/19/2018,253.550003,255,251,252.600006,251.81517,7845650
9/21/2018,255.050003,257.700012,228.850006,250.350006,249.572159,18547453
9/24/2018,250.199997,251,239.350006,240.199997,239.45369,8889259
9/25/2018,241,243.5,235.449997,240.800003,240.051834,9030367
9/26/2018,242.300003,243.199997,229.550003,233.350006,232.624985,17810869
9/27/2018,234.800003,236.550003,223.100006,225.25,224.55014,17430781
9/28/2018,227.899994,230.699997,219.5,223.699997,223.004959,14196824
10/1/2018,225,230.449997,220,229.350006,228.637421,9743094
10/3/2018,230,232.800003,225.800003,227.600006,226.892853,9094685
10/4/2018,224,230.800003,221.75,223.25,222.556366,13898979
10/5/2018,222.75,226.449997,214.75,216.25,215.57811,10471026
10/8/2018,217.800003,218.5,208.100006,212.350006,211.690231,11854170
10/9/2018,205.699997,206,170.300003,184.350006,183.777222,142760251
10/10/2018,186,190.949997,185.050003,188.75,188.163559,35670907
10/11/2018,180.649994,187.75,178,182.949997,182.381577,19323517
10/12/2018,185.949997,188.399994,182.600006,183.75,183.179092,18014894
10/15/2018,186.5,186.5,182.699997,184.350006,183.777222,11658409
10/16/2018,185.199997,187.25,184.550003,185.850006,185.272568,9695745
10/17/2018,187.600006,187.800003,179.100006,179.949997,179.390884,12004524
10/19/2018,178.949997,179.75,174,174.699997,174.157196,10469358
10/22/2018,176.399994,176.850006,170.050003,170.75,170.219482,11721075
10/23/2018,170,175.699997,169.550003,170.649994,170.119781,15588511
10/24/2018,173.899994,175,169,170.649994,170.119781,15421903
10/25/2018,168.949997,169.75,164.600006,165.350006,164.836258,14877057
10/26/2018,166,172.800003,165.899994,168.5,167.976471,19584723
10/29/2018,169.949997,176.5,167.699997,175.350006,174.805191,14171750
10/30/2018,177,181.5,176.050003,177.25,176.69928,15602414
10/31/2018,178.300003,180,173.449997,179.100006,178.543533,12579712
11/1/2018,182,186.050003,178.199997,179.449997,178.892441,28947802
11/2/2018,180.949997,191.850006,180.899994,190.300003,189.70874,29425248
11/5/2018,191.300003,191.300003,186.649994,189.800003,189.210297,14818506
11/6/2018,192.449997,199.949997,191.75,193.25,192.649567,35339222
11/7/2018,194.949997,195.75,193.350006,194.850006,194.244598,3932893
11/9/2018,192.899994,200.75,192,195.25,194.643356,22341961
11/12/2018,194.449997,194.449997,185.199997,186.050003,185.471939,20789180
11/13/2018,180.75,183,178.350006,179.5,178.942291,22189598
11/14/2018,180.5,183,176.25,176.800003,176.250687,15795883
11/15/2018,178,182.699997,177.5,180.199997,179.640106,18740276
11/16/2018,180.899994,181.850006,177.850006,179.899994,179.341049,10022823
11/19/2018,180.600006,185.5,179.100006,184.600006,184.026459,14522581
11/20/2018,184.050003,188.300003,183.199997,183.75,183.179092,13114982
11/21/2018,184.399994,186.75,183.75,184.149994,183.577835,8097107
11/22/2018,185.5,186.149994,181.75,182.550003,181.982819,9135857
11/26/2018,183.899994,184.449997,177,181.75,181.185303,9865426
11/27/2018,181.699997,184.550003,178.550003,180.050003,179.490585,11639680
11/28/2018,181,181.350006,174,174.449997,173.907974,12504717
11/29/2018,175.949997,179.350006,173.449997,177.25,176.69928,20892744
11/30/2018,172,174.899994,170.350006,171.949997,171.415741,18393012
12/3/2018,173.25,176.449997,170,175.449997,174.904877,14068885
12/4/2018,177.949997,178.75,175.300003,175.75,175.203949,11481923
12/5/2018,173,173,168.600006,169.199997,168.674286,14960527
12/6/2018,168.5,168.699997,161.600006,162.649994,162.144638,15428019
12/7/2018,162.25,164.199997,160.800003,162.399994,161.895416,13545006
12/10/2018,159.899994,160.5,156.5,157.100006,156.611893,13520495
12/11/2018,155,159.5,154.649994,158.100006,157.608795,12094881
12/12/2018,159.5,167.100006,158,164.100006,163.590149,22461175
12/13/2018,166,168,165.550003,166.850006,166.331604,12235499
12/14/2018,166,168.399994,164.850006,166.949997,166.431274,10091732
12/17/2018,167.25,175.949997,167.25,173.949997,173.409531,28526103
12/18/2018,174,177.600006,173.100006,174.75,174.207047,18015933
12/19/2018,176.5,176.5,172.5,173.899994,173.35968,11540042
12/20/2018,173,177.300003,171.75,176.399994,175.851913,15819006
12/21/2018,177,180.5,175.149994,176.25,175.702393,23742481
12/24/2018,176.25,177.850006,171.5,172.5,171.964035,11374468
12/26/2018,171.449997,172.199997,167.600006,170.899994,170.369003,12044191
12/27/2018,172.75,173.399994,167.699997,168.25,167.727249,15231581
12/28/2018,169.399994,172.199997,169.149994,170.850006,170.319168,8669584
12/31/2018,172.449997,173.899994,171.75,172.699997,172.163422,8511388
1/1/2019,173.5,174.199997,171.300003,173.449997,172.911087,6715543
1/2/2019,170.600006,171.75,168,168.550003,168.026321,13410104
1/3/2019,169,170.149994,165.100006,166.050003,165.534088,9321842
1/4/2019,169,171.949997,168.5,170.949997,170.418854,17650435
1/7/2019,173.199997,178.199997,173.199997,175.350006,174.805191,21438351
1/8/2019,176.100006,180.5,176.100006,179.949997,179.390884,20128985
1/9/2019,181.5,183.600006,180.199997,183.050003,182.481262,17468948
1/10/2019,183.649994,186.850006,183.550003,185.75,185.172867,16961888
1/11/2019,186.550003,187.75,179.399994,180.300003,179.739807,25902974
1/14/2019,180.300003,198.300003,177.449997,182.399994,181.833282,18935120
1/15/2019,183.300003,185.800003,181.25,185.350006,184.774124,13536578
1/16/2019,186,187.350006,184.050003,185.449997,184.873795,11874245
1/17/2019,186,187.300003,183.399994,184.899994,184.3255,9365756
1/18/2019,185.649994,185.649994,181.300003,183.300003,182.730484,6797621
1/21/2019,184.300003,184.949997,180.649994,181.5,180.936081,6918258
1/22/2019,181.5,181.5,175.949997,180.850006,180.288101,9775717
1/23/2019,181.699997,182.699997,178.550003,180.25,179.689957,9778926
1/24/2019,180,180.300003,173.699997,175.399994,174.855026,13461254
1/25/2019,175.949997,178.899994,171.949997,173.25,172.711716,12136892
1/28/2019,173.300003,175.350006,169.399994,172.300003,171.764664,8167430
1/29/2019,172.350006,174.899994,170.899994,173.600006,173.060623,6141180
1/30/2019,174.300003,176.75,173.300003,174.600006,174.057526,7757847
1/31/2019,175.800003,183.899994,175.800003,181.199997,180.637009,22277646
2/1/2019,182,185.899994,179.550003,181.649994,181.085602,14931422
2/4/2019,181,183.699997,178.199997,180.25,179.689957,11854351
2/5/2019,180.699997,181.149994,174.699997,175.800003,175.253784,12064426
2/6/2019,176,179.449997,171.899994,178.5,177.945404,10334594
2/7/2019,179,185,178.899994,182.850006,182.281891,16152722
2/8/2019,164.600006,164.600006,129,150.699997,150.231766,102256857
2/11/2019,150.149994,153.25,145.850006,152.649994,152.175705,26161867
2/12/2019,152.949997,154.399994,150.600006,151.800003,151.328354,14174912
2/14/2019,155.949997,161,153.800003,159.850006,159.353348,16348306
2/15/2019,159.800003,162.300003,153.149994,161.649994,161.147751,20705576
2/18/2019,162.800003,163.449997,159.199997,162.899994,162.39386,13503666
2/19/2019,164,165.949997,161.550003,163.75,163.241226,14533142
2/20/2019,164.449997,166.699997,163.75,164.800003,164.287964,11610728
2/21/2019,165.600006,170.600006,165.100006,169.699997,169.172745,14811723
2/22/2019,170,175.300003,167.850006,174.300003,173.758453,13011477
2/25/2019,175.149994,177.5,173.5,175.75,175.203949,15554532
2/26/2019,173,183.449997,172.5,182.649994,182.082504,31859427
2/27/2019,183.550003,186.100006,176.100006,177.350006,176.798981,19723906
2/28/2019,180,181.550003,176.600006,177.449997,176.898651,18692372
3/1/2019,178.649994,184,177.350006,180.300003,179.739807,20539919
3/5/2019,183.800003,198.350006,181.399994,194.050003,193.447083,58138551
3/6/2019,195.399994,195.399994,187.75,188.800003,188.213394,22468702
3/7/2019,191.399994,193.449997,187.800003,189.300003,188.711853,27051501
3/8/2019,187.800003,187.949997,180,181.199997,180.637009,28012914
3/11/2019,182,184.600006,181.050003,181.850006,181.285004,25669662
3/12/2019,184.399994,186,183.550003,184.800003,184.22583,18657724
3/13/2019,184.449997,184.899994,180.399994,181.699997,181.135452,9769821
3/14/2019,181.5,182.449997,177.649994,179.550003,178.992142,15737080
3/15/2019,180.199997,181.399994,177.600006,180,179.440735,17490993
3/18/2019,181,184.699997,179.5,182.25,181.683746,14690339
3/19/2019,182,184.5,180.75,182.850006,182.281891,10318028
3/20/2019,183,183.449997,179.600006,180.199997,179.640106,7543753
3/22/2019,181.949997,182,174.899994,175.399994,174.855026,11505994
3/25/2019,173.699997,173.800003,170.550003,171.300003,170.767776,11864723
3/26/2019,171.899994,173.600006,171.600006,173.100006,172.56218,7820112
3/27/2019,174,175,169.149994,169.850006,169.322281,10047628
3/28/2019,169,171.399994,167.550003,170.550003,170.020096,13203927
4/1/2019,176.350006,189.75,176.350006,187.350006,186.767914,46389181
4/2/2019,188.050003,204.399994,185.300003,202.949997,202.319427,100834335
4/3/2019,205,208.949997,199.199997,201.350006,200.724411,81779620
4/4/2019,201.850006,206.899994,201.050003,206.149994,205.509491,41268908
4/5/2019,208,209.5,202.300003,205.149994,204.512589,32057373
4/8/2019,206,207.399994,198.800003,200.550003,199.926895,23877595
4/9/2019,200,207.600006,198.149994,205.899994,205.260254,29611268
4/10/2019,206,217.399994,205.600006,216.050003,215.378738,69349488
4/11/2019,216.600006,219.199997,213.300003,218.199997,217.522049,41859862
4/12/2019,218.949997,219,215,215.949997,215.279037,21788548
4/15/2019,217.149994,233.25,217.149994,231.75,231.029953,57283251
4/16/2019,233.800003,234.100006,225.649994,230.5,229.783829,41653657
4/18/2019,231.899994,239.300003,230.600006,236.25,235.515976,42451178
4/22/2019,235,239.350006,231.699997,234.850006,234.120331,30282217
4/23/2019,235,235.850006,230.25,231.649994,230.930252,18975358
4/24/2019,231.649994,232.949997,217.600006,223.600006,222.905273,50317411
4/25/2019,223.399994,225.899994,220.25,221.850006,221.160721,27132908
4/26/2019,221.899994,221.899994,214,215.600006,214.93013,26038093
4/30/2019,216.199997,218.649994,210.300003,214.300003,213.634171,21289116
5/2/2019,211,212.649994,206.5,207.300003,206.655914,21986007
5/3/2019,205,213.649994,203.050003,209.449997,208.79924,37153857
5/6/2019,204,204.5,198,199.800003,199.17923,30117667
5/7/2019,201.699997,202.850006,189.350006,190.949997,190.35672,30516908
5/8/2019,190,190.899994,183.800003,185.100006,184.524902,28443735
5/9/2019,184.300003,189.800003,182.300003,186.350006,185.771011,32841616
5/10/2019,187,190.600006,184.300003,185.899994,185.322403,28910719
5/13/2019,186.199997,187.149994,179.600006,180.75,180.1884,15373536
5/14/2019,178.25,186.050003,177.800003,184.5,183.926758,21412933
5/15/2019,185.550003,185.949997,167.399994,169.449997,168.923508,31427815
5/16/2019,176,177.550003,172.800003,175.399994,174.855026,30308248
5/17/2019,174.949997,177.699997,170.199997,176.850006,176.300537,21575989
5/20/2019,181.449997,192,179.25,190.149994,189.559189,29873588
5/21/2019,185.25,186.899994,174.050003,176.800003,176.250687,57822527
5/22/2019,177.600006,180.399994,174.800003,179.100006,178.543533,25845734
5/23/2019,182.850006,182.850006,173.5,175.149994,174.605804,22912106
5/24/2019,177,183.5,175.350006,182.300003,181.733597,22494409
5/27/2019,181.75,183.5,179.300003,181.350006,180.786545,14774311
5/28/2019,181.350006,185.300003,179.800003,180.25,179.689957,23272915
5/29/2019,179.850006,180,175.350006,176.350006,175.802078,15222008
5/30/2019,177.5,178.5,173.100006,175.149994,174.605804,18078726
5/31/2019,177.800003,177.850006,170,172.600006,172.063736,21488115
6/3/2019,170.5,175,168.399994,174.5,173.957825,21288078
6/4/2019,174.25,177.199997,172.399994,173.25,172.711716,17428731
6/6/2019,174.050003,175.850006,168.850006,169.699997,169.172745,16874819
6/7/2019,169.899994,171.699997,167.25,169.5,168.973358,14465703
6/10/2019,170.899994,172.050003,163.550003,166.199997,165.683609,20209862
6/11/2019,166.850006,171.899994,165.649994,170.75,170.219482,20363493
6/12/2019,170.899994,172.199997,168.100006,169.050003,168.524765,12819208
6/13/2019,166.899994,168.899994,164.5,167.399994,166.879883,15144315
6/14/2019,167.5,167.5,163.5,164.199997,163.689819,10920508
6/17/2019,163.75,164.149994,158,158.75,158.25676,14381813
6/18/2019,159,161,156.75,158.300003,157.808167,14003043
6/19/2019,160,163.75,152.5,154.649994,154.169495,25257018
6/20/2019,153.449997,160,152.149994,159.25,158.755203,19247947
6/21/2019,155,160.75,154.5,158.899994,158.406296,23304207
6/24/2019,158.699997,160.199997,156.199997,159.300003,158.805054,13185118
6/25/2019,158,161,156.850006,160.449997,159.951477,13368928
6/26/2019,160.100006,162.199997,158.75,161.100006,160.599472,18481332
6/27/2019,161.850006,168,161.100006,165.850006,165.334702,26612983
6/28/2019,165.199997,166.75,161.350006,162.550003,162.044952,15092229
7/1/2019,163.699997,169.399994,163.199997,168,167.478027,23990900
7/2/2019,166.800003,167.350006,161.350006,163.75,163.241226,16903683
7/3/2019,163.75,165,161.699997,162.300003,161.795731,13606179
7/4/2019,162.5,167.75,162,165.199997,164.686722,19512938
7/5/2019,165.149994,166.949997,159.5,160.199997,159.702255,14374084
7/8/2019,159.350006,159.5,153.5,154.550003,154.069809,15149035
7/9/2019,154,157.149994,152.75,155.800003,155.315933,16112345
7/10/2019,156.25,156.25,149.100006,151.649994,151.178818,31737846
7/11/2019,153,157.699997,150.350006,156.800003,156.31282,24099895
7/12/2019,155.899994,162.850006,154,159.300003,158.805054,27307153
7/15/2019,159,162.600006,157.850006,160.949997,160.449921,19924720
7/16/2019,159.800003,170.949997,159.050003,170,169.471802,39025331
7/17/2019,170,172.350006,166.300003,167.899994,167.378326,25236730
7/18/2019,167.25,167.25,160,160.75,160.250549,19055022
7/19/2019,161.449997,162.399994,153.850006,154.850006,154.368881,18954216
7/22/2019,155.449997,159.300003,155.25,156.75,156.26297,15995349
7/23/2019,157.399994,159,154.800003,156.199997,155.714676,12942555
7/24/2019,156.350006,157.550003,150.5,151.25,150.78006,16292964
7/25/2019,151.300003,152.5,143.75,144.300003,143.851654,34364032
7/26/2019,138.100006,150.149994,138.100006,147.149994,146.692795,83905651
7/29/2019,146.899994,146.899994,136.850006,137.550003,137.122635,38844222
7/30/2019,138,139.699997,132.600006,133.449997,133.03537,35725524
7/31/2019,133.5,136.399994,132.5,135.600006,135.178696,27024859
8/1/2019,135.5,136.300003,127.550003,129.550003,129.147491,38991424
8/2/2019,128.5,133.199997,127,130.699997,130.293915,44016138
8/5/2019,128,128.199997,122.300003,123.75,123.365509,35452262
8/6/2019,123.050003,126.550003,121.75,122.5,122.119392,34790369
8/7/2019,122.599998,123.849998,116.5,117.400002,117.03524,37287779
8/8/2019,118,125,116.900002,124.050003,123.664581,35876237
8/9/2019,124.5,126.5,120.699997,122.050003,121.670792,39245417
8/13/2019,123.800003,126.300003,121,121.949997,121.571098,35498118
8/14/2019,122.699997,123.800003,118.599998,120.900002,120.524361,30136178
8/16/2019,119.900002,122.449997,117.349998,121.349998,120.972961,35264621
8/19/2019,121.199997,122.599998,120,120.800003,120.424675,23194786
8/20/2019,120,124.800003,119,123.849998,123.465195,34809225
8/21/2019,123,123,109.5,112.400002,112.050774,83509593
8/22/2019,112,114,106.199997,107.699997,107.365372,58612708
8/23/2019,108.900002,111.599998,107.650002,111.050003,110.704971,41178606
8/26/2019,114.550003,115.400002,106.800003,110.550003,110.20652,47757623
8/27/2019,112.699997,121.400002,111.800003,120.349998,119.976067,70636441
8/28/2019,120.550003,124,114.800003,116.349998,115.988495,74245952
8/29/2019,116.5,118.5,112.099998,114.300003,113.94487,48098849
8/30/2019,115.599998,117.300003,112,116.699997,116.33741,42250518
9/3/2019,113.050003,115.349998,111.199997,112.650002,112.299995,36905736
9/4/2019,112,113,106,109.5,109.159782,76317447
9/5/2019,109.75,119.349998,109.5,118.050003,117.68322,75789807
9/6/2019,118.349998,122.300003,116.550003,121.25,120.873276,67761586
9/9/2019,119,122.599998,117.349998,121.900002,121.521255,51297512
9/11/2019,127,135,125.300003,134.350006,133.932587,96568372
9/12/2019,134.600006,135.350006,126.699997,127.949997,127.552452,72084195
9/13/2019,129.199997,130.949997,125.5,129.550003,129.147491,69088728
9/16/2019,128,130.300003,126.5,128.600006,128.200439,40951047
9/17/2019,129,130.5,121.349998,122,121.620941,47652658
9/18/2019,123.050003,125.900002,120.5,121.75,121.371719,53048836
9/19/2019,123.5,125.349998,121.199997,124.199997,123.81411,51011848
9/20/2019,125,137.75,122.599998,133.25,132.835983,89223235
9/23/2019,135,138.399994,126.5,127.900002,127.502617,51032391
9/24/2019,128.050003,132.199997,128,130.899994,130.493286,41659100
9/25/2019,129.899994,129.899994,121.5,123.050003,122.667686,47567575
9/26/2019,123.900002,127.25,122.800003,124.5,124.113174,45866398
9/27/2019,122,122.449997,118.199997,119.900002,119.527473,45875793
9/30/2019,120.650002,120.849998,116.400002,117.449997,117.085075,32158885
10/1/2019,118,119.849998,113,115.300003,114.941765,40232789
10/3/2019,112.650002,123.5,112.650002,122.400002,122.019707,65103359
10/4/2019,122.800003,123.800003,118.800003,119.650002,119.278244,35712218
10/7/2019,120.25,120.550003,116.349998,117.5,117.134926,35471184
10/9/2019,118.5,121.699997,115.449997,120.900002,120.524361,44666296
10/10/2019,119.300003,119.699997,116.199997,116.800003,116.437103,31229192
10/11/2019,118.050003,122.199997,117.25,121.300003,120.923126,41027561
10/14/2019,122.599998,130,122.5,127.849998,127.452766,68048611
10/15/2019,127.099998,128.899994,123.699997,126.949997,126.555565,57548920
10/16/2019,127.300003,128.300003,124.5,125.849998,125.458984,31522518
10/17/2019,127.099998,144.350006,125.099998,139.5,139.066574,67933615
10/18/2019,139,141.800003,135.600006,136.850006,136.424805,64884113
10/22/2019,133.350006,135.600006,129.800003,131.75,131.340652,53532482
10/23/2019,130.449997,133.800003,127.25,132.649994,132.237854,50293574
10/24/2019,133,135.149994,130.5,133.5,133.08522,41951668
10/25/2019,132,133,125.699997,126.849998,126.455872,42868958
10/27/2019,139.5,150.699997,139.5,147.699997,147.241089,39489993
10/29/2019,151.899994,175.5,151.199997,172.449997,171.9142,184435614
10/30/2019,175,175.649994,166.550003,171.899994,171.365906,90759545
10/31/2019,169.800003,179.649994,168.949997,177.699997,177.147888,81392641
11/1/2019,175.199997,178,172.399994,175.050003,174.506119,40613555
11/4/2019,171.600006,178.449997,170.850006,172.199997,171.664963,40641411
11/5/2019,173.25,175.75,169.949997,172,171.465591,36268596
11/6/2019,172,176.350006,170.5,174.5,173.957825,28923778
11/7/2019,174.699997,174.699997,167.600006,171.5,170.967148,38625387
11/8/2019,170.75,178.899994,167.800003,169.050003,168.524765,39102947
11/11/2019,169.199997,172.949997,169.050003,172,171.465591,22192924
11/13/2019,171.5,176,169.399994,170.600006,170.069946,33926248
11/14/2019,170.199997,170.300003,165.5,167.050003,166.530975,25433481
11/15/2019,169,173.399994,167.350006,168.550003,168.026321,29614682
11/18/2019,172.100006,172.100006,169.25,170.100006,169.571503,19053232
11/19/2019,170.800003,171.75,167.100006,167.75,167.228806,19599195
11/20/2019,167.75,170.199997,166.199997,167.399994,166.879883,19504078
11/21/2019,166.949997,170.100006,163,164.149994,163.639984,21609120
11/22/2019,164.899994,165.25,160.550003,162.350006,161.845581,21200979
11/25/2019,160.699997,166.600006,159.899994,166.100006,165.583939,26131453
11/26/2019,166.649994,167.300003,162.550003,163.399994,162.892303,25520822
11/27/2019,165.300003,169.300003,165,165.899994,165.384537,29527702
11/28/2019,165.75,166.300003,163.550003,164.800003,164.287964,16609775
11/29/2019,164.800003,167.75,160.600006,161.5,160.998215,20010205
12/2/2019,160.949997,163,158.949997,161.050003,160.549622,19441998
12/3/2019,162.949997,162.949997,157.399994,158.199997,157.708466,21156471
12/4/2019,158.5,170.350006,157.699997,169.399994,168.873672,72084687
12/5/2019,170.350006,172.199997,165.199997,166.100006,165.583939,31787128
12/6/2019,167,168,160.050003,161.5,160.998215,27727162
12/9/2019,162,166.449997,159.75,160.5,160.001328,30920409
12/10/2019,162.149994,163.25,159.050003,159.699997,159.203812,26259395
12/11/2019,160.399994,163,157.399994,161.800003,161.297287,21154277
12/12/2019,163.449997,174.899994,162.5,173.350006,172.811401,66138915
12/13/2019,177.25,183.949997,175.5,176.699997,176.150986,93019636
12/16/2019,177,178.800003,173.350006,174.949997,174.406418,26249975
12/17/2019,176,181.149994,175.350006,180.199997,179.640106,38213263
12/18/2019,182.100006,184.5,170.449997,174.800003,174.256897,63861334
12/19/2019,174.649994,180.199997,174,179.149994,178.593369,53466924
12/20/2019,180.399994,181.699997,174.850006,175.949997,175.40332,48818008
12/23/2019,176.850006,179,174.149994,176.050003,175.503021,27192195
12/24/2019,177.649994,178,174.649994,175.5,174.954712,20560311
12/26/2019,175.899994,176.449997,174.100006,174.600006,174.057526,18785333
12/27/2019,176,176.949997,174.850006,176.149994,175.602692,12095797
12/30/2019,177.199997,184.350006,176.300003,183.699997,183.129242,40948394
12/31/2019,184,187.899994,181.550003,185.149994,184.574738,52869996
1/1/2020,185.149994,186.699997,183.600006,184.449997,183.876907,25968357
1/2/2020,185,194.699997,184.600006,193.75,193.14801,57289863
1/3/2020,192.899994,195.649994,189.25,191.100006,190.506256,47572728
1/6/2020,191,191,185.050003,185.649994,185.073181,28621212
1/7/2020,187,189.399994,182.300003,184.699997,184.126129,34995035
1/8/2020,180.199997,184.199997,180.199997,182.550003,181.982819,21862695
1/9/2020,184.850006,192.75,184.25,192,191.403458,40803142
1/10/2020,192,199,190,196.350006,195.739944,60252338
1/13/2020,194.75,197.75,191.399994,196.25,195.640244,40535961
1/14/2020,195.699997,198.25,193.600006,195.850006,195.241501,29867542
1/15/2020,195,201.699997,194,200.350006,199.727524,38485962
1/16/2020,199.5,200.600006,196.899994,197.550003,196.936218,28118140
1/17/2020,197.25,199.449997,195.699997,197.300003,196.686996,18204088
1/20/2020,198,201.449997,194.300003,195,194.394135,28976013
1/21/2020,195.5,196.399994,190.199997,191.399994,190.805313,20859400
1/22/2020,191.949997,192.5,184.25,185.600006,185.023346,32952072
1/23/2020,186.75,190.399994,183.800003,188.399994,187.814636,33032086
1/24/2020,188,191,185,186.5,185.920547,21791825
1/27/2020,185.699997,186.899994,180.850006,182.199997,181.633896,30132428
1/28/2020,183.899994,184.300003,174.899994,176.100006,175.552856,38283588
1/29/2020,178.800003,188.899994,178.550003,188.050003,187.465729,61585660
1/30/2020,190.949997,192.550003,184.25,186.199997,185.621475,70900581
1/31/2020,186.300003,188.350006,175.949997,176.600006,176.051315,75621897
2/3/2020,163.5,168.300003,159.550003,163.850006,163.340927,66616190
2/4/2020,166.550003,168.600006,161.199997,165.699997,165.185165,49034642
2/5/2020,167.399994,184.949997,166.600006,183.75,183.179092,92982265
2/6/2020,182,183.399994,175.75,178.850006,178.294312,61821140
2/7/2020,177.399994,178.149994,173,173.600006,173.060623,45195760
2/10/2020,173.199997,173.199997,168,168.899994,168.375214,33279372
2/11/2020,171.850006,175.149994,168.399994,169.75,169.22258,42868276
2/12/2020,173,173.300003,169,170.949997,170.418854,34621395
2/13/2020,171.350006,172.350006,168.100006,169.5,168.973358,25049848
2/14/2020,172,176.199997,168.300003,169.100006,168.574615,56676430
2/17/2020,170.399994,171.350006,166.350006,169.100006,168.574615,32893274
2/18/2020,168,168,158.600006,161.600006,161.097916,52744122
2/19/2020,162.850006,164.600006,153.050003,158.050003,157.558945,78914233
2/20/2020,157.949997,162.300003,156,158.5,158.007538,54328194
2/24/2020,154,155.899994,149.600006,150.649994,150.181915,39706007
2/25/2020,152.199997,153.399994,147.449997,149.899994,149.43425,52719851
2/26/2020,146.899994,147.899994,143.699997,144.550003,144.100891,47605927
2/27/2020,144.149994,146.75,141.100006,145.25,144.798706,51328153
2/28/2020,138.850006,139.600006,127.050003,128.949997,128.549347,94469619
3/2/2020,133,133.899994,123.800003,125.400002,125.010384,111585697
3/3/2020,127.5,131.399994,125.25,130.350006,129.945007,86765576
3/4/2020,129.600006,129.600006,120.550003,126.199997,125.807892,97546902
3/5/2020,127.550003,129.149994,124.25,125.75,125.359291,87795649
3/6/2020,115,117.300003,112.800003,114.199997,113.845177,83971462
3/9/2020,109,109.849998,104.25,105.699997,105.37159,81549809
3/11/2020,104.849998,106.5,97.800003,98.900002,98.59272,111146790
3/12/2020,91.099998,94.900002,84.099998,88,87.726585,143550830
3/13/2020,81.900002,94.150002,78.050003,89.75,89.471146,106151311
3/16/2020,85.599998,87.650002,82.199997,82.949997,82.692268,73702778
3/17/2020,83.050003,85,77.400002,77.949997,77.707802,71842549
3/18/2020,79.900002,80.449997,75.099998,75.5,75.265419,70105052
3/19/2020,70,76.5,68.75,72.949997,72.723343,68122549
3/20/2020,74,79.599998,72.650002,77.300003,77.05983,86043342
3/23/2020,70,72,66,66.199997,65.994316,34184325
3/24/2020,69.900002,71.5,63.5,68.550003,68.337021,49551990
3/25/2020,67.75,71.699997,67.25,70.25,70.031731,57713806
3/26/2020,71.449997,73.5,68.300003,70.800003,70.580025,63821068
3/27/2020,72.050003,75.900002,69.349998,70.699997,70.480331,58814757
3/30/2020,68.800003,70,67.25,68.150002,67.938255,35278010
3/31/2020,70.599998,71.5,68.199997,71.050003,70.829247,46157286
4/1/2020,70.5,71.650002,67.550003,67.949997,67.738876,38149007
4/3/2020,66.900002,66.900002,64.800003,65.300003,65.097115,35346301
4/7/2020,68.550003,69.300003,66.900002,67.25,67.041054,42066469
4/8/2020,66.5,71.599998,65.400002,67.599998,67.389961,82179303
4/9/2020,69.599998,76.25,69.099998,74.599998,74.368217,112677273
4/13/2020,76,77.599998,72.699997,74.25,74.019302,70409900
4/15/2020,75.400002,78.699997,71.949997,72.900002,72.6735,81121081
4/16/2020,71.75,75.400002,71,74.650002,74.41806,47910164
4/17/2020,78.300003,78.300003,74.699997,76.849998,76.611221,58333485
4/20/2020,76.849998,83.400002,75.5,80.449997,80.200035,125425355
4/21/2020,78,78,74,74.650002,74.41806,58248325
4/22/2020,74.449997,76.550003,72.550003,75.900002,75.664177,56529293
4/23/2020,76.75,78.650002,75.400002,75.650002,75.414955,50366856
4/24/2020,75,76.900002,74,74.199997,73.96946,40047438
4/27/2020,75.900002,76.199997,74.800003,75.25,75.016197,27835340
4/28/2020,75.650002,78.199997,75.199997,76.949997,76.710915,34825405
4/29/2020,77.449997,79.300003,76.550003,78.150002,77.907188,40784783
4/30/2020,85.949997,93.75,85.949997,93.25,92.960274,170634033
5/4/2020,87,87.199997,81.5,83.900002,83.63932,91159477
5/5/2020,86,86.800003,80.400002,80.900002,80.648643,57122148
5/6/2020,81.550003,83.949997,80.349998,83.199997,82.94149,53739248
5/7/2020,82.900002,84.650002,82.099998,82.5,82.243675,31159970
5/8/2020,84.5,84.949997,80.550003,81.050003,80.79818,35362751
5/11/2020,81.449997,90.650002,81.400002,86.099998,85.832481,152588401
5/12/2020,85.949997,87.699997,83.5,86.199997,85.932175,77551590
5/13/2020,92.5,92.5,86.25,87.199997,86.929062,68086031
5/14/2020,83.949997,85.300003,82.550003,83.800003,83.539635,46340453
5/15/2020,84.699997,85.349998,82.800003,84.349998,84.087921,38592209
5/18/2020,84.5,84.5,79.599998,80.650002,80.399422,44221170
5/19/2020,82.5,85.650002,81.5,81.800003,81.545853,65378983
5/20/2020,81.25,84.400002,80.699997,83.449997,83.19072,36351053
5/21/2020,83.099998,85.199997,82.900002,84.099998,83.838699,37290144
5/22/2020,83.400002,83.900002,82,82.800003,82.54274,29252676
5/26/2020,83.900002,85.699997,82.599998,83.099998,82.841805,38014864
5/27/2020,84.099998,86,84,84.550003,84.287308,57947903
5/28/2020,86,88.150002,84.550003,87,86.729691,96179680
5/29/2020,85.550003,87.5,84.650002,87,86.729691,80813537
6/1/2020,88.900002,91.199997,88,89.550003,89.271767,71070852
6/2/2020,90,97.300003,89.75,96.5,96.200172,125407771
6/3/2020,100,101.449997,97.400002,98.75,98.443184,90598067
6/4/2020,99,101.400002,96.800003,98.5,98.193962,72078707
6/5/2020,100.449997,112.449997,99.050003,110.75,110.405899,187209208
6/8/2020,114,119.150002,113.349998,115.449997,115.091293,136943010
6/9/2020,117.449997,117.900002,110.25,111.449997,111.103722,79473751
6/10/2020,111,113,108.5,111.400002,111.053879,84038431
6/11/2020,109.900002,111.150002,105,106.150002,105.82019,55485897
6/12/2020,98,106.25,98,105.300003,104.972832,92989560
6/15/2020,104.650002,104.650002,100.050003,100.5,100.187744,69318356
6/16/2020,102,103.5,92,94.75,94.455612,215476711
6/17/2020,93,96.400002,91.800003,95.400002,95.103592,110830038
6/18/2020,95,97.199997,94.150002,96.349998,96.050636,58964344
6/19/2020,96.5,103.900002,95.599998,102.5,102.181534,135462757
6/22/2020,102.349998,104.900002,101,102.650002,102.33107,68545834
6/23/2020,103,106,101.900002,104.400002,104.07563,68638552
6/24/2020,105.25,110.800003,104.199997,104.800003,104.474388,125457492
6/25/2020,103.849998,106.300003,101.650002,103.800003,103.477493,63198285
6/26/2020,105.400002,106.050003,100.349998,101.400002,101.084953,56327855
6/29/2020,101.400002,101.400002,98.050003,99.449997,99.141006,43274006
6/30/2020,101.75,102.300003,97.300003,98.25,97.944733,50764363
7/1/2020,99,101.449997,98.199997,100.75,100.436966,50857376
7/2/2020,100.75,102.949997,100.400002,101.550003,101.234489,48083736
7/3/2020,102.849998,106.349998,102.099998,103.449997,103.128578,87310642
7/6/2020,105,109.900002,104.5,109,108.661339,91970198
7/7/2020,109.800003,112.599998,108.050003,109.050003,108.711182,85835716
7/8/2020,109.5,110.849998,104.199997,105.349998,105.022675,55887256
7/9/2020,106.300003,108.949997,104.650002,106.949997,106.617699,54492650
7/10/2020,106.699997,108.599998,105.400002,107.599998,107.265686,64694173
7/13/2020,108.849998,112.099998,106.849998,108,107.664444,81893001
7/14/2020,106.900002,107.550003,104.099998,105.150002,104.823296,46924623
7/15/2020,106.800003,106.800003,102.5,103.199997,102.879356,49687046
7/16/2020,103.949997,103.949997,100.599998,102.949997,102.630127,44333785
7/17/2020,103.650002,106.949997,103.300003,106.400002,106.069412,42080157
7/20/2020,106.349998,106.349998,103.849998,105.050003,104.72361,39786731
7/21/2020,106,109.699997,105.5,108.449997,108.113045,66008143
7/22/2020,108.5,109.75,104.25,105.150002,104.823296,50735592
7/23/2020,105.449997,106.449997,104.699997,106.050003,105.720505,30722413
7/24/2020,104.699997,105.5,102.699997,103.75,103.42765,39363520
7/27/2020,104,104.5,101.300003,101.699997,101.38401,29644533
7/28/2020,102.300003,107.199997,102,106.449997,106.119255,64271161
7/29/2020,108.099998,108.75,104.849998,105.75,105.421432,44561639
7/30/2020,106.400002,106.75,102.849998,103.650002,103.327957,33378340
7/31/2020,104,105.400002,102.300003,104.650002,104.324852,33809018
8/3/2020,103,114.400002,102.900002,113.050003,112.698753,194765344
8/4/2020,112.949997,115.099998,110.800003,111.449997,111.103722,95906477
8/5/2020,112.400002,117.650002,112,115.400002,115.041451,99371050
8/6/2020,116.199997,117.699997,115.5,116.800003,116.437103,60092530
8/7/2020,117,119.699997,116,119.099998,118.72995,56489390
8/10/2020,119.949997,124.699997,119.699997,123.849998,123.465195,71093810
8/11/2020,125,125.800003,121.400002,122.300003,121.920013,50224665
8/12/2020,121,126.400002,120.599998,125.349998,124.960533,50713617
8/13/2020,126.099998,131.899994,124.400002,131.149994,130.742508,95489249
8/14/2020,131.149994,132.649994,123.699997,124.599998,124.212868,75032834
8/17/2020,124.5,126.25,120.599998,123.550003,123.16613,61154250
8/18/2020,124,127.5,123.599998,125.599998,125.209755,62153763
8/19/2020,127,127.599998,124.75,125.150002,124.761162,45128613
8/20/2020,123.449997,125.650002,121.099998,121.699997,121.321877,43530882
8/21/2020,124.199997,124.199997,120.150002,120.900002,120.524361,48650204
8/24/2020,122,123,120.800003,121.199997,120.823425,31294253
8/25/2020,121.800003,128.350006,121.099998,127.099998,126.705101,90263366
8/26/2020,130.5,139,128.350006,137.899994,137.471542,197510376
8/27/2020,140.100006,146.850006,139.300003,144.25,143.801819,181380747
8/28/2020,144.149994,146.199997,140.5,142.800003,142.356323,95194825
8/31/2020,144.5,147.949997,138.199997,143.199997,142.755066,160564488
9/1/2020,143.399994,145.149994,140.399994,143.800003,143.35321,58811543
9/2/2020,144.300003,151.649994,141.449997,150.300003,149.833023,74947929
9/3/2020,151.600006,155.199997,149.550003,151.850006,151.378204,110156350
9/4/2020,147.899994,153.649994,147,147.800003,147.34079,95560889
9/7/2020,150,152,148,149.399994,148.935806,82617101
9/8/2020,149.449997,149.600006,141.199997,142.300003,141.85788,76286731
9/9/2020,141,141.75,135.699997,140.100006,139.664719,105355010
9/10/2020,142.800003,144.5,138,143.300003,142.854767,79606504
9/11/2020,143.100006,146.800003,141.649994,144.300003,143.851654,65135339
9/14/2020,147.199997,151.100006,145.5,148.550003,148.088455,84505930
9/15/2020,149.399994,149.399994,146.550003,148.399994,147.938919,42886817
9/16/2020,149.199997,154.300003,148.550003,151.449997,150.979446,85056501
9/17/2020,150.800003,151,146.199997,147.649994,147.191238,48119360
9/18/2020,148.699997,150.5,146.25,147.899994,147.44046,46270863
9/21/2020,147.75,147.75,135.5,137.449997,137.022934,64734493
9/22/2020,138,138.149994,129.649994,133.100006,132.686462,87298020
9/23/2020,135.5,136.699997,127.900002,131.399994,130.99173,74981613
9/24/2020,127.900002,128.800003,122.150002,122.800003,122.418465,62420957
9/25/2020,123.699997,128.350006,123.099998,127.25,126.85463,65040759
9/28/2020,128.899994,134.300003,127.5,132.850006,132.437241,61830817
9/29/2020,134.949997,136,130.699997,131.699997,131.290802,63366932
9/30/2020,131.550003,134.399994,130.300003,133.300003,132.885834,48859088
10/1/2020,135.899994,136.5,132.550003,133.5,133.08522,40491744
10/5/2020,136.949997,137.5,132.050003,133.899994,133.483963,55268322
10/6/2020,138,145.800003,136,144.75,144.300262,161987221
10/7/2020,144.25,144.5,139.800003,141,140.561905,68273641
10/8/2020,142.850006,143.5,139.600006,140.949997,140.51207,40900948
10/9/2020,141.149994,142.649994,138,138.449997,138.019836,37097190
10/12/2020,139.649994,139.649994,133,135.899994,135.477753,39279109
10/13/2020,135.399994,137.100006,132.850006,134.100006,133.68335,38973506
10/14/2020,133.75,134.649994,128.800003,130.699997,130.293915,45791440
10/15/2020,131.5,134.350006,126.5,126.949997,126.555565,64002864
10/16/2020,129.399994,130.050003,126,127.75,127.353081,62553775
10/19/2020,129.800003,130.399994,127.800003,128.25,127.851524,33157664
10/20/2020,128.100006,130.300003,126.349998,129.649994,129.247177,27465829
10/21/2020,131.050003,133.100006,128.300003,130.25,129.845306,39252663
10/22/2020,129.699997,134.600006,128.449997,133.5,133.08522,48808592
10/23/2020,134.899994,138.899994,134.100006,137,136.574341,68711352
10/26/2020,138.399994,140.800003,131.25,133.699997,133.284592,88531579
10/27/2020,134.149994,136.75,130.850006,135.649994,135.228531,56856159
10/28/2020,139,143.25,133.5,134.800003,134.38118,152359338
10/29/2020,132,133,130,131.899994,131.490173,66632704
10/30/2020,133.199997,134.5,130.300003,132.649994,132.237854,51128530
11/2/2020,133.649994,134,131.100006,132.850006,132.437241,40388690
11/3/2020,135,137.399994,133.550003,134.100006,133.68335,52071476
11/4/2020,135.600006,137,134,135.899994,135.477753,44675934
11/5/2020,137,138,136,137.649994,137.222321,38928602
11/6/2020,137.649994,142.300003,137.649994,139,138.56813,67966815
11/9/2020,140.600006,141.5,138.699997,141,140.561905,40277460
11/10/2020,144.050003,146.699997,142.75,146,145.546371,68794369
11/11/2020,146.5,151.5,145.649994,150.949997,150.480988,78583629
11/12/2020,150.949997,153.850006,150,151.199997,150.730209,56145517
11/13/2020,150,150,145.350006,146.350006,145.895294,32566537
11/14/2020,148.699997,150.800003,148,148.850006,148.387527,11749453
11/17/2020,152.5,159.350006,152.199997,158,157.509094,82644841
11/18/2020,158.850006,178.800003,158.550003,173.5,172.960938,171801183
11/19/2020,171.399994,176.350006,166.550003,167.949997,167.428177,109449407
11/20/2020,170.050003,171.550003,165.550003,169.100006,168.574615,66935703
11/23/2020,169.5,173.899994,165.550003,170.699997,170.169632,54566251
11/24/2020,171.850006,175.5,171.100006,172.050003,171.515442,47695247
11/25/2020,175,176.800003,169.25,171.449997,170.917297,54366608
11/26/2020,171.600006,175,171.050003,173.75,173.210159,39094724
11/27/2020,174.649994,183.850006,174.649994,180.350006,179.789658,125926062
12/1/2020,182.350006,182.399994,178.100006,179.75,179.191513,48881250
12/2/2020,184,187.350006,181.100006,183.600006,183.029556,88107889
12/3/2020,185,186,183.25,184.850006,184.275681,33332481
12/4/2020,186.5,188.800003,182.199997,184.149994,183.577835,47995639
12/7/2020,184.449997,186.449997,182.699997,183.550003,182.979706,29802472
12/8/2020,184.949997,185.699997,178.949997,181.800003,181.235153,42143391
12/9/2020,183,186.399994,181.649994,182.699997,182.132339,40300535
12/10/2020,182.699997,182.699997,176.399994,177.600006,177.048203,38368777
12/11/2020,177.949997,181.449997,176.5,178.850006,178.294312,43065542
12/14/2020,181,181.5,176.699997,177.649994,177.098038,33186273
12/15/2020,176.449997,179.699997,173.25,178.899994,178.344147,41190341
12/16/2020,181,183.800003,180.100006,182.550003,181.982819,51259394
12/17/2020,184,184,180.649994,181.699997,181.135452,34101954
12/18/2020,180.899994,181.5,176.649994,180.550003,179.989029,46065197
12/21/2020,176,177.550003,162.5,164.550003,164.038742,75582907
12/22/2020,164.550003,169.199997,156.699997,164.949997,164.4375,110009846
12/23/2020,165,169.699997,163.399994,169.199997,168.674286,56930071
12/24/2020,172,178,172,175.949997,175.40332,73831319
12/28/2020,179.850006,187.399994,179,186.350006,185.771011,98012135
12/29/2020,187.899994,188.449997,181.100006,183.449997,182.88002,71318085
12/30/2020,183.100006,185.399994,180.399994,184.149994,183.577835,38576159
12/31/2020,184.850006,187.5,182.800003,183.850006,183.278778,48978310
1/1/2021,184.949997,187,184.5,186.5,185.920547,27334421
1/4/2021,191.800003,193,188.75,191.300003,190.705627,63980597
1/5/2021,187.100006,193.899994,185.050003,193.199997,192.599716,75752593
1/6/2021,194.449997,197.600006,190.649994,195.399994,194.792877,75621947
1/7/2021,197,200.350006,195.100006,196.75,196.138702,66024848
1/8/2021,198.75,201.5,197.100006,198.149994,197.534332,53991568
1/11/2021,199.899994,225.399994,199.649994,220.649994,219.964432,182483100
1/12/2021,227,252.399994,224.100006,237.800003,237.061157,390577839
1/13/2021,242.899994,248.800003,238.399994,242.600006,241.846252,164649387
1/14/2021,242.850006,249.800003,238.600006,245.100006,244.33847,86819519
1/15/2021,246,264.649994,242.600006,260.299988,259.491241,250038029
1/18/2021,261.649994,262.450012,241.149994,245.949997,245.185822,173383224
1/19/2021,251.5,261.700012,251.300003,258.649994,257.846375,136861059
1/20/2021,260,277.5,258.850006,274.899994,274.045868,205145151
1/21/2021,281,299,280,290.600006,289.697113,283614463
1/22/2021,295.950012,306.899994,278.350006,289.350006,288.450989,316008609
1/25/2021,296.899994,299.5,277.350006,279.149994,278.282684,164346913
1/27/2021,274.899994,275,265.700012,267.5,266.668884,126586833
1/28/2021,260.049988,273.399994,259.049988,266.799988,265.971039,129156876
1/29/2021,273,278.799988,260.600006,262.700012,261.883789,138442348
2/1/2021,269.75,282,255.350006,279.600006,278.731293,165655500
2/2/2021,293.600006,328.850006,290.399994,322,320.999542,251965965
2/3/2021,339.200012,341.899994,326.200012,331,329.971588,224190114
2/4/2021,329,334.5,322.450012,326.149994,325.136627,121033002
2/5/2021,327.600006,330,312.600006,315.899994,314.918488,103512235
2/8/2021,318.75,339.25,318,335.950012,334.906219,102123614
2/9/2021,337,338.5,322.200012,325.049988,324.040039,105981081
2/10/2021,326,332.649994,319.5,328.899994,327.878113,93466949
2/11/2021,326.450012,331.350006,323.399994,325,323.990234,55257166
2/12/2021,326.399994,330.5,321.25,325.399994,324.388977,64093642
2/15/2021,329.899994,335.799988,324,333.350006,332.31427,78680452
2/16/2021,335.450012,337.899994,327.5,329.200012,328.177185,65943843
2/17/2021,326.899994,334.25,325.450012,330.149994,329.124207,52150941
2/18/2021,331.5,331.75,321.100006,323.850006,322.843811,49204247
2/19/2021,321.950012,321.950012,301.399994,311.850006,310.881073,80274683
2/22/2021,312.450012,313.899994,302.149994,304.5,303.553925,57723298
2/23/2021,308.5,328.899994,308.5,324,322.993317,133310157
2/24/2021,325,330,316.5,321.649994,320.650635,50821757
2/25/2021,325.350006,334.700012,323.25,333.149994,332.114899,64514912
2/26/2021,323,332.950012,318.850006,322.950012,321.946594,91901339
3/1/2021,330,331.850006,322.700012,328.299988,327.279968,61190868
3/2/2021,331.100006,347.200012,326.450012,345.75,344.675751,127708761
3/3/2021,348.649994,357,346.5,348.5,347.417206,92006451
3/4/2021,339,345.399994,337.299988,339.200012,338.146118,59863169
3/5/2021,333,337.850006,319.700012,325.149994,324.13974,86738909
3/8/2021,331.75,331.75,318.799988,321.25,320.251862,81925952
3/9/2021,325,328.350006,309.600006,315.200012,314.220673,74702208
3/10/2021,319.5,324.450012,316.700012,321.450012,320.451263,58643853
3/12/2021,325.049988,326.5,314.149994,317.549988,316.563354,48360842
3/15/2021,320,320.399994,310.049988,318.549988,317.560242,45081385
3/16/2021,321,321.899994,315.100006,319.950012,318.955933,39267404
3/17/2021,318.600006,320,304,305.799988,304.849854,47262481
3/18/2021,311,316.600006,299.75,307,306.046143,73731921
3/19/2021,303.5,311,290.200012,308.950012,307.990112,109932681
3/22/2021,306.450012,307.5,300.100006,303.049988,302.108398,56385019
3/23/2021,305,312.25,304,307.399994,306.444885,60240483
3/24/2021,303.549988,305,293.200012,294.450012,293.535156,61523819
3/25/2021,294,294,282.25,285.549988,284.662781,84528317
3/26/2021,290.5,301.399994,290.5,296.399994,295.479065,80924011
3/30/2021,300.5,301.299988,292.700012,297.049988,296.127045,45257233
3/31/2021,299,307.5,297.5,301.799988,300.862305,58569012
4/1/2021,306.75,309.850006,303.049988,307.75,306.793823,44088352
4/5/2021,306.799988,311.700012,297.200012,305.049988,304.102203,66178755
4/6/2021,306.149994,313.799988,304.799988,307.75,306.793823,63031783
4/7/2021,306.75,310.649994,305.100006,307.799988,306.843658,39073986
4/8/2021,307.899994,319.799988,307.5,313.950012,312.974579,62459774
4/9/2021,313.200012,325,312.5,318.200012,317.211365,75462572
4/12/2021,307.850006,307.850006,282.899994,286.549988,285.659668,105342538
4/13/2021,287.25,304.549988,280.549988,302.850006,301.909058,116874853
4/15/2021,303,307.549988,296.5,303.5,302.557007,75262749
4/16/2021,302,315,300.149994,310,309.036835,75330709
4/19/2021,295,304.5,292.799988,301.399994,300.463531,65791784
4/20/2021,307.700012,308.149994,294.200012,298.049988,297.123932,56740291
4/22/2021,294,302.5,292.200012,294.549988,293.634827,61022978
4/23/2021,291,300,290.5,294,293.086548,58158986
4/26/2021,297,299,294.600006,295.399994,294.482178,30583139
4/27/2021,295.700012,302.5,295.100006,301.5,300.563232,35040532
4/28/2021,303.5,309.5,303,305.899994,304.949554,44668126
4/29/2021,308.899994,310,301.25,301.899994,300.961975,36647292
4/30/2021,298.200012,301.299988,292.549988,293.850006,292.937012,36121668
5/3/2021,289.299988,294.75,285,293,292.089661,35376618
5/4/2021,296.350006,299.75,288.049988,289.450012,288.55069,38640006
5/5/2021,293.5,293.899994,288.5,291.5,290.594299,29350536
5/6/2021,291.5,302,290.299988,301.25,300.314026,45032502
5/7/2021,303,305.950012,300.5,302.75,301.809357,41591323
5/10/2021,304.5,315.700012,304,314.850006,313.871765,53260388
5/11/2021,309.549988,320.75,308.100006,315.549988,314.56958,58472304
5/12/2021,318.25,334.75,316.25,326,324.987122,111584920
5/14/2021,329.350006,329.5,310,312.25,311.279846,81305325
5/17/2021,315.399994,323.850006,311.399994,321.100006,320.102356,51162423
5/18/2021,325.950012,336.649994,324,332.450012,331.417084,86153088
5/19/2021,313,322.950012,312.100006,314.450012,313.473022,119407026
5/20/2021,316,316.600006,306.100006,307.700012,306.743988,54043899
5/21/2021,312,315.700012,309.5,313.100006,312.127197,40358753
5/24/2021,314.75,315.799988,310.200012,311.850006,310.881073,31963997
5/25/2021,315.549988,319,313.850006,315.25,314.270508,37382263
5/26/2021,316.100006,320,314.799988,315.5,314.519745,28639717
5/27/2021,317.049988,323.450012,316.549988,318.600006,317.610107,49484106
5/28/2021,322.649994,324.5,316.5,318.75,317.759644,26618815
5/31/2021,318.700012,319.75,312.100006,318.75,317.759644,30917309
6/1/2021,319.200012,325.700012,317.299988,318.100006,317.111664,32595728
6/2/2021,315.950012,324.399994,315.600006,323,321.996429,26323777
6/3/2021,325.299988,327.700012,323.649994,325.649994,324.638184,21408371
6/4/2021,325.149994,336.899994,324.25,334.950012,333.909332,41278749
6/7/2021,339.75,351,339.75,345.5,344.426514,64986814
6/8/2021,346.25,356.649994,337.5,352.75,351.653992,44104954
6/9/2021,356.200012,358.899994,339.75,343.350006,342.283203,59334814
6/10/2021,345.200012,347.850006,342.399994,344.75,343.678864,24351860
6/11/2021,346,352.899994,344.350006,350.75,349.660217,36441967
6/14/2021,350.049988,357.899994,341.100006,355.950012,354.844086,38482142
6/15/2021,355.75,360.75,351.5,352.700012,351.604156,35526159
6/16/2021,350.100006,356,348.100006,349.350006,348.264557,27550588
6/17/2021,348.399994,352.899994,342.25,345.649994,344.57605,29236974
6/18/2021,345.649994,346.899994,329,337.399994,336.351685,49440514
6/21/2021,330.899994,335.799988,326.200012,334.299988,333.261322,29123887
6/22/2021,337.100006,344.299988,336.149994,337.899994,336.850128,26708459
6/23/2021,341,343.25,334.299988,335.25,334.208374,25741628
6/24/2021,335,337.399994,333.350006,334.649994,333.610229,15580223
6/25/2021,335.899994,342.799988,335.899994,339.649994,338.594696,22426352
6/28/2021,340.799988,345,337.549988,342.799988,341.734894,17843975
6/29/2021,342.649994,346.5,339.600006,341.549988,340.4888,22462297
6/30/2021,342,345.350006,338.850006,339.600006,338.544861,18277841
7/1/2021,341.5,347.399994,341.200012,344.25,343.18042,27944816
7/2/2021,345.299988,345.549988,340.5,344.899994,343.8284,18304387
7/5/2021,347.049988,350.100006,344,346.100006,345.024658,18399524
7/6/2021,348,358.200012,311.5,316.899994,315.915375,164083830
7/7/2021,316,319.100006,306.25,317.100006,316.114777,112183313
7/8/2021,314.799988,314.799988,305,306.350006,305.398163,87360324
7/9/2021,305.799988,308.850006,301.850006,306.299988,305.348297,48807214
7/12/2021,310.799988,312,306.100006,307.450012,306.494751,32282319
7/13/2021,310,312.25,308.149994,310.950012,309.983887,25736308
7/14/2021,310,313.299988,308.649994,309.549988,308.588226,21863250
7/15/2021,310.5,312.850006,307.600006,310.25,309.286041,23617599
7/16/2021,311.100006,315.450012,310.5,311.25,310.282928,25148606
7/19/2021,308.950012,310.299988,306,308.850006,307.890411,21346348
7/20/2021,307,308,301.049988,302.149994,301.211212,27672567
7/22/2021,305.5,307.450012,301.049988,302.549988,301.609955,21338361
7/23/2021,300.5,301.899994,295,295.549988,294.631714,33435130
7/26/2021,295,297,291,293.149994,292.239166,27502360
7/27/2021,293,297.649994,288.600006,291.399994,290.494598,55132877
7/28/2021,290,290.899994,283.600006,284.450012,283.566223,36139725
7/29/2021,287.549988,295.399994,287.549988,292.899994,291.98996,57733359
7/30/2021,294,300,293.25,293.950012,293.036713,30589609
8/2/2021,299.149994,299.399994,295.600006,296.850006,295.927704,19273390
8/3/2021,298.5,304.5,297.700012,303.700012,302.756409,31063992
8/4/2021,304.75,306.450012,297.200012,298.149994,297.223633,26186248
8/5/2021,295.5,300.899994,292.75,299.700012,298.768829,20704901
8/6/2021,300.049988,303.399994,297.649994,300.049988,299.117737,16001898
8/9/2021,300.75,304.200012,296.049988,298.100006,297.173798,16985859
8/10/2021,297.899994,300.200012,291,294.200012,293.285919,15173990
8/11/2021,295.299988,297.799988,286.450012,295.450012,294.532043,20802022
8/12/2021,297.299988,307.399994,297.299988,306,305.049255,33652880
8/13/2021,308.799988,311.5,303.049988,307.25,306.29538,34922863
8/16/2021,305.950012,307.850006,303.049988,303.700012,302.756409,14348786
8/17/2021,302.799988,302.799988,292.799988,297.700012,296.775055,25539214
8/18/2021,296.899994,297.75,292.600006,293.350006,292.438568,18004320
8/20/2021,289.5,290.700012,281,283.100006,282.220398,32578752
8/23/2021,287.200012,288.299988,275,276.950012,276.089539,24498294
8/24/2021,278.5,281.5,268.450012,279.799988,278.930634,37589121
8/25/2021,282.799988,289.200012,282.450012,284.399994,283.516357,31538128
8/26/2021,284.850006,287.350006,281.649994,284.299988,283.416656,17864053
8/27/2021,282.899994,286.799988,281.700012,285.75,284.862183,13477390
8/30/2021,290.100006,293.5,289.899994,291.950012,291.042908,17217097
8/31/2021,291.75,291.950012,286.100006,287.299988,286.407349,36951003
9/1/2021,289,297.399994,287.299988,295.25,294.332642,33103168
9/2/2021,295.25,296.299988,291.700012,293.149994,292.239166,14907001
9/3/2021,292.5,296.450012,292,295.549988,294.631714,16594135
9/6/2021,297.5,298.950012,296,297.450012,296.525818,16622865
9/7/2021,297.350006,297.799988,290.899994,294.600006,293.684692,14325904
9/8/2021,293.5,298.799988,291.600006,295.25,294.332642,14920479
9/9/2021,294,303.5,293.549988,298.950012,298.021179,34020970
9/13/2021,299,302,295.5,301.200012,300.264191,16339860
9/14/2021,302.25,307.200012,302.200012,306.100006,305.148956,23234649
9/15/2021,306.100006,313,306.100006,311.950012,310.980774,26808872
9/16/2021,313.399994,315,307.649994,311.649994,310.681702,26249369
9/17/2021,312,315.350006,306,308.600006,307.641174,24972069
9/20/2021,304.899994,310.25,297.299988,298.950012,298.021179,19632688
9/21/2021,298.600006,302.700012,293.100006,301.950012,301.011841,19439330
9/22/2021,303.149994,313.799988,303,310.100006,309.136536,29545253
9/23/2021,313.200012,324,313.200012,321.5,320.501099,52701665
9/24/2021,325.100006,326.950012,316.049988,317.950012,316.962128,28901243
9/27/2021,323.149994,333.600006,323.149994,331.649994,330.619568,56305136
9/28/2021,334,336,324.5,329.299988,328.276855,28497009
9/29/2021,325,333,324,330.25,329.223907,19740150
9/30/2021,331.25,337.899994,329.100006,333.350006,332.31427,30268517
10/1/2021,332.649994,337.299988,325.700012,333.299988,332.264435,29877695
10/4/2021,336.799988,343.25,335.149994,342,340.937408,29553072
10/5/2021,340.450012,351.5,338.850006,344.950012,343.878235,31861985
10/6/2021,347,348.700012,335,336.049988,335.00589,25272592
10/7/2021,341.100006,383,339.25,376.5,375.3302,163238084
10/8/2021,385.899994,397.549988,380,382.950012,381.760193,93728117
10/11/2021,390.149994,420.899994,388,415.75,414.458252,113404983
10/12/2021,423,435.700012,413.600006,420.850006,419.542419,97349265
10/13/2021,462.899994,523.849976,462.899994,506.899994,505.325043,197949387
10/14/2021,530,530,492,497.600006,496.053955,103630901
10/18/2021,507,525,503.600006,509.600006,508.016663,72322623
10/19/2021,512.450012,517.400024,476.049988,481.899994,480.40271,57428637
10/20/2021,481.799988,497,471.25,486.899994,485.387177,55444814
10/21/2021,491.75,510.399994,485.75,508,506.421631,52608672
10/22/2021,509.899994,510.700012,487.399994,490.899994,489.374756,42742785
10/25/2021,493.899994,496,473.25,479.899994,478.408936,33107841
10/26/2021,483.5,510,483.25,508.649994,507.069611,58027770
10/27/2021,505.75,506.549988,496,497.899994,496.353027,30361263
10/28/2021,493.899994,493.899994,478.549988,481.049988,479.555359,25182748
10/29/2021,482,491.600006,467.700012,483.700012,482.197144,31054342
11/1/2021,486.450012,489.700012,469.799988,485.700012,484.190948,34315690
11/2/2021,506.5,510,486.5,487.850006,486.334259,51580720
11/3/2021,483.799988,495,481.600006,484.899994,483.393402,22950198
11/4/2021,489.799988,493.549988,488,489.700012,488.178497,5531940
11/8/2021,493.899994,504.850006,490.25,501.399994,499.842133,31736426
11/9/2021,505,520.650024,503.5,509.649994,508.066498,50458762
11/10/2021,506.25,515.950012,500.200012,510.75,509.163086,26615777
11/11/2021,510,519,501,503.450012,501.885773,29256213
11/12/2021,506.950012,509.549988,497.350006,507.049988,505.474579,20731808
11/15/2021,506.25,514.900024,504.5,505.450012,503.879578,18014977
11/16/2021,506.899994,526.849976,506.200012,519.049988,517.437317,55897781
11/17/2021,520.25,536.700012,520.25,530.150024,528.502869,48463415
11/18/2021,531.450012,534.200012,501.299988,509.700012,508.116364,47197742
11/22/2021,512.25,512.25,478.399994,486.100006,484.589691,40044849
11/23/2021,484.399994,499.350006,477,495.5,493.96048,27553684
11/24/2021,499,501.799988,485.299988,488.649994,487.131744,20915837
11/25/2021,490.799988,495.149994,486.5,492.75,491.219025,15336539
11/26/2021,486,486.75,458,460.200012,458.770172,51787989
11/29/2021,457,470.75,443.100006,461.450012,460.016296,42819150
11/30/2021,466.549988,478,455.649994,458.600006,457.17514,35471800
12/1/2021,467.850006,478.399994,463.549988,475.25,473.773407,28256188
12/2/2021,479.399994,480.450012,471.700012,479.100006,477.61145,21012008
12/3/2021,480,484.700012,477.299988,480.100006,478.608337,20948900
12/6/2021,480.100006,480.899994,466,467.200012,465.748413,17473075
12/7/2021,476.850006,484.899994,471,481.799988,480.30304,21280797
12/8/2021,484.5,495.950012,483.5,493.899994,492.365448,20581817
12/9/2021,498,498.5,489.549988,493.950012,492.415314,16951593
12/10/2021,487.75,496.799988,486.549988,494.450012,492.913757,14567815
12/13/2021,499.450012,506.399994,494.200012,495.350006,493.810944,21921272
12/14/2021,491.950012,491.950012,483.299988,489.399994,487.879425,17722547
12/15/2021,487.799988,497.700012,487.25,491.649994,490.122437,16263723
12/16/2021,495,496.5,487.399994,491.950012,490.421509,13581352
12/17/2021,488,488.850006,468.200012,470.200012,468.739105,27341178
12/20/2021,459.899994,460,440,447.049988,445.661011,33007516
12/21/2021,452.100006,460.899994,449.850006,453.600006,452.190674,18838054
12/22/2021,458.149994,472.149994,458.149994,470.5,469.038147,22730750
12/23/2021,476,478,470.950012,472.350006,470.882416,12116814
12/24/2021,474.899994,474.899994,460,467.600006,466.147156,15487368
12/27/2021,465.700012,472.450012,460.100006,471.149994,469.686127,12557565
12/28/2021,475.200012,482.799988,472.649994,480.200012,478.708038,22860916
12/29/2021,478.75,481.600006,474.25,476,474.521057,10263884
12/30/2021,472.549988,476.399994,468.600006,470.399994,468.938446,11923961
12/31/2021,472.700012,483.600006,471.850006,482.399994,480.901184,15541446
1/3/2022,493.5,500.850006,492,497.600006,496.053955,32748423
1/4/2022,496.799988,499,484.049988,489.600006,488.078827,24100985
1/5/2022,486.950012,492.75,483.549988,489.75,488.228333,15420105
1/6/2022,481.5,492.950012,477.100006,488.850006,487.331146,16563230
1/7/2022,490.049988,495.5,483.75,490.600006,489.075714,15532165
1/10/2022,493.100006,504.899994,491.299988,503.700012,502.13501,25193771
1/11/2022,503,507.899994,498.149994,501.299988,499.742432,16269193
1/12/2022,505.850006,511.850006,503.5,507.25,505.673981,16255334
1/13/2022,504,513.799988,494.799988,511.950012,510.359375,27572553
1/14/2022,509,515.400024,505.649994,509.899994,508.315735,12655602
1/17/2022,514.799988,526.900024,512,525,523.368835,27942414
1/18/2022,527.900024,528.5,507.149994,510.799988,509.212921,19353195
1/19/2022,510,522.200012,504.799988,520.849976,519.231689,21799071
1/20/2022,519.950012,523.200012,512,515.700012,514.097717,18364451
1/21/2022,510.399994,513.849976,494.25,501.850006,500.290741,17946821
1/24/2022,499.700012,504.299988,473.350006,478.450012,476.96347,25228959
1/25/2022,473.799988,492.5,467.649994,490.549988,489.025848,22565698
1/27/2022,480.75,502.700012,476.600006,494.399994,492.863892,26676094
1/28/2022,500.5,509.350006,495.299988,497.299988,495.754883,21784640
1/31/2022,505,520,498.200012,517.75,516.141357,27306578
2/1/2022,508,514.75,493,504.299988,502.733124,48030231
2/2/2022,508.600006,514.450012,505.149994,506.399994,504.826599,14311040
2/3/2022,509.100006,514.299988,502.850006,504.5,502.932526,15249245
2/4/2022,503.799988,507.799988,499,500.600006,499.044647,12663199
2/7/2022,502.899994,504.350006,492.5,494.600006,493.063293,13392910
2/8/2022,498,498.5,479.149994,492.75,491.219025,23378623
2/9/2022,496.5,503.700012,494.700012,501.25,499.692596,12430730
2/10/2022,506.700012,510.5,504.200012,507.450012,505.873352,14537945
2/11/2022,503.25,507,497,498.850006,497.300079,13534899
2/14/2022,487,488.5,468.799988,471.450012,469.985199,22157389
2/15/2022,476.149994,505.5,467.299988,504,502.434052,30623088
2/16/2022,504,507.899994,496.600006,498.450012,496.901337,20176993
2/17/2022,505.899994,511.5,498.299988,499.950012,498.396667,27943077
2/18/2022,498,502.649994,491.5,493.149994,491.617767,15476803
2/21/2022,490.149994,500.399994,486.100006,494.450012,492.913757,22592161
2/22/2022,480.549988,486.299988,471.450012,478.25,476.764069,27957544
2/23/2022,481.75,485.399994,475.299988,477,475.517944,17703998
2/24/2022,455.950012,461.549988,405.450012,427.950012,426.620361,57265685
2/25/2022,444.850006,465.700012,441.600006,459.75,458.321564,48876182
2/28/2022,445,457.350006,440.450012,454.049988,452.639252,34475468
3/2/2022,452.950012,454.25,444.549988,447.600006,446.20932,25791134
3/3/2022,458.5,458.5,435,437.100006,435.741943,29599672
3/4/2022,431.850006,431.850006,414.75,417.25,415.953613,38765185
3/7/2022,401.75,401.75,387.5,394,392.775848,44836205
3/8/2022,390.5,395.450012,376.350006,391.75,390.532837,55543383
3/9/2022,394.950012,409.25,389.5,405.899994,404.638855,48376222
3/10/2022,427,434.950012,414,419.600006,418.296295,59776817
3/11/2022,413.600006,421.149994,407.399994,418.149994,416.8508,51510243
3/14/2022,418.75,419,404,411.700012,410.420868,40721277
3/15/2022,409.850006,424.200012,408,413.649994,412.364777,47706136
3/16/2022,427.049988,428.549988,420.700012,424.899994,423.579834,27191170
3/17/2022,432,435.700012,429.549988,433.799988,432.452179,26704541
3/21/2022,435.5,436.299988,427.100006,427.950012,426.620361,18270995
3/22/2022,428.100006,441.450012,421.200012,440.350006,438.981842,30441493
3/23/2022,443.5,447,434.600006,435.799988,434.445953,25466395
3/24/2022,430,435.399994,427.549988,433.200012,431.854065,17109723
3/25/2022,437,437,427.649994,432.100006,430.757477,15104414
3/28/2022,432,434.950012,426.5,432.700012,431.355621,16757901
3/29/2022,436,439.350006,431.399994,433.700012,432.352509,18710736
3/30/2022,438.450012,442.5,434.25,435.649994,434.296417,18149488
3/31/2022,436,438.299988,432.600006,433.75,432.402344,14248045
4/1/2022,434,442.25,430.850006,441.149994,439.779327,19380324
4/4/2022,444.399994,449.5,441.299988,446.75,445.361938,18657201
4/5/2022,450,461.899994,448.299988,458.049988,456.626831,28530470
4/6/2022,455.899994,462.700012,452.600006,456.149994,454.732727,24974477
4/7/2022,456.5,459.100006,448.5,449.5,448.103394,19950241
4/8/2022,450,456.25,449.700012,452.049988,450.645477,16315704
4/11/2022,457,458.899994,451,452.049988,450.645477,14339854
4/12/2022,450.799988,450.799988,435,438.299988,436.938171,22698696
4/13/2022,441.799988,442.850006,430.100006,431.049988,429.710724,16817981
4/18/2022,430,436.350006,423.649994,433.799988,432.452179,15298361
4/19/2022,436.75,440.25,417,424.950012,423.6297,12669041
4/20/2022,431,441.700012,428.25,440.549988,439.181183,19639290
4/21/2022,444.5,449.350006,441.049988,448.049988,446.657898,14124872
4/22/2022,442.049988,447.25,438,438.850006,437.486481,14362036
4/25/2022,432.75,436,423.149994,425.149994,423.829041,14729009
4/26/2022,433.899994,437.450012,431.600006,434.899994,433.548767,13577513
4/27/2022,429.25,432.950012,425.100006,430.25,428.913208,13701069
4/28/2022,434.799988,439.200012,430.799988,436.049988,434.69519,13875650
4/29/2022,440.200012,447.75,436,437.600006,436.240387,21991752
5/2/2022,437.950012,442.950012,428.5,432.850006,431.505127,18945234
5/4/2022,437.950012,440.600006,420.700012,423.5,422.184174,14934742
5/5/2022,429,434,423.700012,426.299988,424.975464,12240729
5/6/2022,418.850006,420.200012,407,408.549988,407.280609,25142225
5/9/2022,407.149994,407.399994,395,403.950012,402.694946,18076956
5/10/2022,400,408.5,389.600006,391.75,390.532837,16540303
5/11/2022,396,397,377.549988,388.149994,386.944,29215175
5/12/2022,382,384.649994,366.200012,372.299988,371.14325,33511538
5/13/2022,387,419.350006,387,404.299988,403.043823,71425747
5/16/2022,411.899994,411.899994,396.25,405.350006,404.090576,24938704
5/17/2022,408.399994,425.649994,405,424.149994,422.832153,24651585
5/18/2022,424,427.350006,414.049988,415.149994,413.860107,20490516
5/19/2022,400,406.799988,396.200012,398.649994,397.411377,17706724
5/20/2022,410,421.399994,410,418,416.701263,23504236
5/23/2022,421.649994,431.149994,419.549988,421.450012,420.140564,16345308
5/24/2022,423.899994,427.5,416,425.75,424.427185,14525617
5/25/2022,428.450012,429,413.450012,417,415.704376,13540006
5/26/2022,422,422.649994,405,420.649994,419.343018,17712299
5/27/2022,426.049988,433.25,425.200012,429.600006,428.265228,16867431
5/30/2022,437,445.200012,436,442.399994,441.025452,18500266
5/31/2022,443.950012,449.5,440.399994,443.549988,442.171875,22308219
6/1/2022,445.100006,446,439.600006,444.600006,443.218628,11930669
6/2/2022,445,445.600006,435.649994,439.149994,437.785553,12742438
6/3/2022,444.899994,445.049988,430.5,431.899994,430.558075,12780122
6/6/2022,427.899994,433.950012,424.600006,432.350006,431.006683,11896105
6/7/2022,432.5,438.200012,429.100006,435.850006,434.495819,11153869
6/8/2022,438.700012,440.399994,432,435.649994,434.296417,12844475
6/9/2022,431.899994,435.649994,426.100006,428.5,427.16864,13043367
6/10/2022,423,428.850006,422,428.049988,426.720032,11914234
6/13/2022,414.899994,418.149994,405.600006,406.700012,405.436401,17442641
6/14/2022,403,411.850006,397.700012,405.149994,403.891174,19626627
6/15/2022,410,416.399994,407.450012,414.100006,412.813385,15192826
6/16/2022,420,420.899994,390.100006,392.950012,391.729126,22261032
6/17/2022,387.950012,394.450012,382.649994,388.950012,387.741547,24824899
6/20/2022,390.549988,392.950012,376.649994,382.700012,381.510956,17049013
6/21/2022,389,399,387,397.600006,396.364655,14743366
6/22/2022,396.399994,397,390.5,393.100006,391.878632,12426604
6/23/2022,396.299988,409.899994,394.549988,407.200012,405.934845,26514004
6/24/2022,410,412.850006,406.149994,409.299988,408.02829,14806456
6/27/2022,417.549988,419.450012,412.350006,414.5,413.212158,12018949
6/28/2022,411.299988,418.200012,409.149994,417.100006,415.804077,13238339
6/29/2022,412.049988,419.899994,411.549988,416.950012,415.654541,13104313
6/30/2022,418.299988,424,410,411.799988,410.520508,20121916
7/1/2022,410.649994,414.600006,402.299988,412.700012,411.417755,14725989
7/4/2022,411.549988,414.899994,405,408.450012,407.180939,11525133
7/5/2022,415,418.799988,410.200012,412,410.71991,16771012
7/6/2022,414,417.299988,410.649994,416.350006,415.056396,12196920
7/7/2022,419.899994,432.950012,419.299988,430.850006,429.511353,17616800
7/8/2022,436.25,443.850006,429.299988,441.549988,440.178101,23730027
7/11/2022,438.049988,441.200012,433.450012,437.049988,435.692078,12619654
7/12/2022,433,435,428.149994,430.549988,429.21225,9518822
7/13/2022,432.700012,435.850006,425.649994,427.100006,425.77301,10181698
7/14/2022,428,431.25,423.299988,428.049988,426.720032,10744547
7/15/2022,430.649994,441.75,429.700012,440.200012,438.832306,15774084
7/18/2022,443.950012,453.799988,443.200012,450.899994,449.499054,21185764
7/19/2022,446.75,451.850006,444.450012,449.049988,447.654785,11553440
7/20/2022,454.350006,460.75,451.75,453.450012,452.041138,17154184
7/21/2022,452.950012,455.5,450.100006,454.850006,453.436768,10931800
7/22/2022,456.600006,459.950012,452.299988,454.899994,453.486603,10340910
7/25/2022,456,457.600006,446.299988,449.549988,448.153229,12505062
7/26/2022,448.700012,448.700012,439.75,441.149994,439.779327,11563528
7/27/2022,441.149994,445,436.100006,444.049988,442.670319,10081023
7/28/2022,440.25,449.25,427.399994,442.25,440.875916,36380444
7/29/2022,445.149994,452.700012,445.149994,449.600006,448.203094,16004096
8/1/2022,451.950012,481,451.049988,479.200012,477.711121,43084536
8/2/2022,478.899994,479.899994,469.25,476.25,474.770294,19065689
8/3/2022,475,476.25,459.600006,467.799988,466.346527,19125906
8/4/2022,473.149994,473.950012,456.450012,468.899994,467.443115,18540405
8/5/2022,468.899994,472.899994,464,465.25,463.804474,11917799
8/8/2022,466,471.899994,464.450012,468.25,466.795135,10561754
8/10/2022,470,477.200012,463.350006,475.549988,474.072449,13360759
8/11/2022,482.549988,485,475.600006,476.649994,475.169037,12777503
8/12/2022,475.75,481.450012,470,477.549988,476.066223,13482890
8/16/2022,479.600006,491.399994,478.200012,489.850006,488.328033,16796376
8/17/2022,490.899994,494.399994,484.200012,485.399994,483.891846,15948755
8/18/2022,484,486.799988,479.25,484.799988,483.293701,12070974
8/19/2022,486.75,488.100006,468.100006,471,469.536591,16636593
8/22/2022,468.5,468.950012,452.549988,454.600006,453.187561,15050653
8/23/2022,449,462.100006,447.600006,460.450012,459.019379,17779238
8/24/2022,459,464.899994,457.700012,463.200012,461.760834,12214113
8/25/2022,466,468.799988,457.399994,459.200012,457.773285,11255809
8/26/2022,465,470.450012,463.950012,465.049988,463.605072,11252560
8/29/2022,451,456.899994,450.149994,453.350006,451.941437,11647725
8/30/2022,458.649994,472.399994,457.100006,471.100006,469.636292,14421066
9/1/2022,462.5,474.399994,462.149994,466.899994,465.449341,13385159
9/2/2022,470.850006,471.799988,460.149994,461.75,460.315338,10806707
9/5/2022,459.75,463.950012,457,459,457.573883,9378108
9/6/2022,462.700012,463.700012,456.600006,457.75,456.327759,9805875
9/7/2022,453.200012,456.5,443.649994,445.850006,444.464752,20764508
9/8/2022,452.450012,452.549988,440,442.200012,440.82608,19336014
9/9/2022,447.5,449.649994,440.600006,445.899994,444.514587,14294289
9/12/2022,447.700012,453,447,451,449.598724,8962633
9/13/2022,454.299988,458.950012,453.549988,456.799988,455.380707,10661280
9/14/2022,447.600006,454.700012,447,450.200012,448.801239,10360461
9/15/2022,452.399994,455.850006,446.049988,447.25,445.860382,10356713
9/16/2022,446,446.399994,429.100006,432.5,431.156219,20992324
9/19/2022,431.5,431.600006,424.049988,425.450012,424.128143,15236142
9/20/2022,430.600006,443.350006,430.600006,434.25,432.900787,17557661
9/21/2022,433.950012,436,425.5,427.649994,426.321289,10831068
9/22/2022,425,434.600006,422.549988,432.200012,430.857147,13600786
9/23/2022,431.899994,431.899994,420.549988,423.100006,421.785431,13441609
9/26/2022,416,417.899994,393.149994,397.5,396.264954,33230938
9/27/2022,403.899994,404,390.350006,398.799988,397.560913,21932747
9/28/2022,394.899994,406.600006,392.850006,399.100006,397.859985,18114880
9/29/2022,411,413.25,399.600006,402.25,401.000214,20725995
9/30/2022,398,408.25,392.5,404.600006,403.342896,20951277
10/3/2022,405.5,406.549988,395.5,397.649994,396.41449,20332430
10/4/2022,406,408.950012,402.899994,407.899994,406.632629,12761425
10/6/2022,409.600006,417.649994,409.5,414.100006,412.813385,12771199
10/7/2022,413.399994,414,408.700012,412.149994,410.869446,10670854
10/10/2022,403.399994,403.399994,393.049988,395.950012,394.719788,32914630
10/11/2022,397,399.5,391.299988,393.350006,392.127869,14641301
10/12/2022,394.549988,398.200012,391.100006,396.549988,395.317902,14287344
10/13/2022,396.549988,403.5,394.549988,399,397.760315,12584114
10/14/2022,407,409.200012,395.299988,396.25,395.01886,12875470
10/17/2022,394,398.899994,392.5,396.100006,394.869324,9543556
10/18/2022,401,406.700012,400.700012,404.25,402.993988,14215544
10/19/2022,406.200012,406.950012,397.299988,399.049988,397.81015,8648435
10/20/2022,397,399.899994,393.100006,398.100006,396.863098,10747183
10/21/2022,397,402.25,394.700012,398.049988,396.813232,10279618
10/24/2022,406,406,400.149994,401.600006,400.352234,2871205
10/25/2022,404.350006,410.5,403.200012,404.549988,403.29306,17979661
10/27/2022,408.549988,411.700012,404,407.700012,406.433289,14614841
10/28/2022,408,411.200012,406.100006,409.899994,408.626434,12488938
10/31/2022,414.350006,416.299988,411.600006,412.75,411.46759,9928218
11/1/2022,414.899994,422.399994,412.799988,421.350006,420.040863,17324893
11/2/2022,423.049988,425.100006,420.149994,422.149994,420.838379,12433578
11/3/2022,419.399994,423.299988,414.5,416.25,414.956696,10987519
11/4/2022,418.200012,426,416.899994,425.350006,424.028442,12277023
11/7/2022,428.25,437.5,428.25,435,433.648438,15058076
11/9/2022,439.200012,441.200012,432,433.149994,431.804199,14471443
11/10/2022,420.5,420.549988,409.200012,412.200012,410.919312,26251660
11/11/2022,420,425.5,414.700012,423.5,422.184174,19296401
11/14/2022,424,437.700012,423.5,433.700012,432.352509,17996083
11/15/2022,434.899994,438.5,434.100006,437.149994,435.791779,10696024
11/16/2022,436.950012,438.200012,429.600006,431.549988,430.209167,8206169
11/17/2022,422,427.549988,419.600006,423.149994,421.835266,15621809
11/18/2022,424,426.450012,421.149994,423.799988,422.483246,9851962
11/21/2022,425.600006,427.600006,420,421.100006,419.791656,9497812
11/22/2022,421,426.399994,420.5,424.700012,423.380463,6407614
11/23/2022,426.850006,429.299988,422.850006,424.049988,422.732452,6568241
11/24/2022,424.5,425.25,420.700012,423.399994,422.084473,6768613
11/25/2022,425,435.149994,424,433.200012,431.854065,18764073
11/28/2022,435,440.350006,432.399994,433.25,431.9039,10701208
11/29/2022,432.5,437.899994,429.549988,433.149994,431.804199,8630105
11/30/2022,435,441,433.299988,439.399994,438.03476,14727892
12/1/2022,443,443.600006,436.850006,438.25,436.888367,8909310
12/2/2022,439,441.149994,435,435.399994,434.047211,8352658
12/5/2022,435.5,437.5,427.799988,428.75,427.417877,12857807
12/6/2022,428.799988,431.350006,425.350006,427.100006,425.77301,8461831
12/7/2022,428,428,419.100006,420.100006,418.794739,12133315
12/8/2022,421,421.399994,415.350006,417.200012,415.903778,9539923
12/9/2022,419.299988,420.950012,409.549988,413.299988,412.015869,9920219
12/12/2022,412,416.899994,408,414.149994,412.86322,8009229
12/13/2022,419.950012,421.5,417.25,418.5,417.199707,9717894
12/14/2022,420.549988,421.350006,417.350006,417.899994,416.601563,6314883
12/15/2022,418.850006,422.799988,415.700012,416.700012,415.405334,7542601
12/16/2022,417.350006,427.799988,413.100006,421.600006,420.2901,50949198
12/19/2022,421.899994,422.850006,415.5,418,416.701263,9809103
12/20/2022,418,418,408,410.5,409.224579,12341042
12/21/2022,412.600006,414.399994,401,402.600006,401.349121,11606059
12/22/2022,404.100006,404.700012,390.200012,394.450012,393.224457,14908929
12/23/2022,390,390,377,378.350006,377.174469,19902886
12/26/2022,380.25,390.700012,375.200012,384.799988,383.604401,16979026
12/27/2022,390,397.450012,388.5,394.149994,392.925354,14372461
12/28/2022,394,395.899994,390.399994,391.299988,390.084229,8443917
12/29/2022,389,390,383.049988,385.899994,384.700989,15627403
12/30/2022,391,392.200012,387,387.950012,386.744659,9198673
1/2/2023,392.5,396,391,394.799988,393.573334,10501357
1/3/2023,396,398.350006,393,393.899994,392.676147,9431220
1/4/2023,394.799988,394.799988,385,385.600006,384.401947,16121049
1/5/2023,387.899994,388.75,382.5,386.899994,385.697906,10443908
1/6/2023,386.100006,388.399994,381,382,380.81311,8715469
1/9/2023,386.350006,392.700012,385,389.450012,388.23999,14693099
1/10/2023,400,417.75,400,412.899994,411.617096,54021379
1/11/2023,415.75,420,413.549988,418.200012,416.900665,22224361
1/12/2023,420.299988,420.5,410.049988,412.25,410.969147,12479034
1/13/2023,413,416.350006,408,411.5,410.221466,10449630
1/16/2023,413.5,414.899994,407.600006,413,411.716797,11462140
1/17/2023,413,419.450012,412.5,415.299988,414.009644,12337969
1/18/2023,415.899994,415.950012,407.450012,408.399994,407.131104,13310316
1/19/2023,406.5,407.799988,400.100006,400.75,399.504852,13126520
1/20/2023,404,412.5,401.200012,403.149994,401.8974,23906114
1/23/2023,407,410.950012,405,408.399994,407.131104,13113183
1/24/2023,410,424,410,422.149994,420.838379,30197475
1/25/2023,423.75,427.25,417.700012,419.049988,417.747986,22975581
1/27/2023,438,453.399994,435.149994,445.600006,444.215515,63360467
1/30/2023,445.600006,450,437.649994,443.649994,442.271576,18316743
1/31/2023,443.700012,454.799988,440.899994,452.100006,450.695313,25154475
2/1/2023,456.799988,461.5,437.649994,446.649994,445.262238,23798589
2/2/2023,446.75,449.200012,440.700012,444.799988,443.417999,11344554
2/3/2023,447,450.799988,442.350006,445.450012,444.065979,13067403
2/6/2023,444.450012,447,439.549988,442,440.626709,6795084
2/7/2023,441.700012,443.399994,432.899994,435.450012,434.097076,9023645
2/8/2023,435.450012,441,431.549988,440.100006,438.732605,8668267
2/9/2023,440,440.700012,433.549988,436.75,435.393005,7349418
2/10/2023,437.950012,447.799988,431.200012,445.850006,444.464752,14798390
2/13/2023,445.5,446.899994,438.899994,441.049988,439.679626,8333767
2/14/2023,442,444.299988,434.399994,440.549988,439.181183,8565559
2/15/2023,438.5,444.899994,438.149994,444.149994,442.77002,9857016
2/16/2023,445,448.25,440.5,441.600006,440.227936,7670688
2/17/2023,436,442.450012,436,439.899994,438.533234,6955445
2/20/2023,441.799988,445.299988,436.25,443,441.623596,9717197
2/21/2023,445.200012,445.200012,435.25,436.5,435.143799,8957930
2/22/2023,435.299988,435.850006,428.25,429.450012,428.115692,7209130
2/23/2023,428.649994,436.450012,427.200012,433.200012,431.854065,9278920
2/24/2023,435.399994,436.700012,427,427.75,426.42099,7895024
2/27/2023,427.75,428.049988,413.049988,417.950012,416.651428,10438928
2/28/2023,419,424.799988,419,420.700012,419.392883,9652088
3/1/2023,421.5,428,421.5,426,424.676422,7595114
3/2/2023,426,426.25,419.549988,420.450012,419.143677,5661103
3/3/2023,422.600006,430.5,421.950012,428,426.670197,8027522
3/6/2023,430.950012,441.450012,430,440.100006,438.732605,11307064
3/8/2023,439,441.25,436.100006,439.299988,437.935089,7850052
3/9/2023,439.100006,442.049988,431.299988,432.200012,430.857147,5696737
3/10/2023,433,437.799988,430.799988,435.850006,434.495819,10417015
3/13/2023,436.100006,437,419.100006,422.399994,421.087585,8780169
3/14/2023,422.850006,424.200012,413.399994,416.649994,415.355469,9189043
3/15/2023,422,425,410.100006,411.350006,410.07193,7681009
3/16/2023,413.299988,418.5,405,415.700012,414.408417,11854885
3/17/2023,419,423.450012,414.549988,419,417.698151,8658701
3/20/2023,415.600006,416.950012,405.5,410.75,409.473785,10075022
3/21/2023,412.850006,413.899994,407.700012,412.549988,411.268188,7391950
3/22/2023,416,418.399994,413.75,416.100006,414.80719,5728054
3/23/2023,416,422.5,416,419.149994,417.847687,9817460
3/24/2023,419,420.549988,414.799988,416.5,415.205933,6877960
3/27/2023,416,418.5,410.25,412.049988,410.769745,7433933
3/28/2023,414.149994,414.5,400.450012,401.600006,400.352234,9553659
3/29/2023,401.600006,410.600006,401.600006,409.200012,407.928619,10478506
3/31/2023,411.350006,421.75,411,420.799988,419.492554,11037881
4/3/2023,423,424.950012,419.5,424.25,422.931854,6948329
4/5/2023,424.25,428.75,423.149994,426.549988,425.224701,8821326
4/6/2023,426.5,439.299988,423.75,437.649994,436.290222,10907492
4/10/2023,452.049988,473.299988,452,461.299988,459.86673,50462653
4/11/2023,463.75,463.75,455.799988,458.700012,457.274841,14495222
4/12/2023,459.350006,468.600006,458.200012,465.5,464.05368,13552440
4/13/2023,464.950012,472,463.25,469.5,468.04126,12733670
4/17/2023,471,473,465.799988,472.149994,470.683014,10710167
4/18/2023,475,483.350006,468.100006,473,471.530396,16140056
4/19/2023,473,475.5,467.850006,469.399994,467.941559,7368610
4/20/2023,473.700012,479.700012,469.399994,476.799988,475.318573,14264206
4/21/2023,476.700012,476.700012,467.200012,471.200012,469.735992,8478118
4/24/2023,471.200012,476,468.299988,475.200012,473.723572,8020593
4/25/2023,475.200012,476.399994,471.899994,473.549988,472.078674,6888352
4/26/2023,473,479.5,472.600006,478.200012,476.714233,7791425
4/27/2023,478.5,482,476.5,481.600006,480.103668,7085793
4/28/2023,481.399994,488,478.350006,484.950012,483.443268,9947813
5/2/2023,482.5,484,474.549988,480.25,478.757843,11542592
5/3/2023,480.25,485.100006,477.75,483.700012,482.197144,8529233
5/4/2023,483.600006,486.399994,478.75,480.799988,479.306122,5650101
5/5/2023,481.649994,484.700012,476.149994,477.100006,475.617645,4830674
5/8/2023,480,502.299988,478.100006,500.5,498.944946,23515333
5/9/2023,502,512.799988,501.549988,503.649994,502.085144,19818780
5/10/2023,508,512.900024,504.350006,509.5,507.916992,12481404
5/11/2023,512,514.150024,505.5,511.600006,510.010468,11454020
5/12/2023,513.900024,520.5,510.299988,515.950012,514.346924,19766717
5/15/2023,523.849976,537.150024,521.5,530.849976,529.200623,38270067
5/16/2023,533.950012,535.950012,518.849976,521.150024,519.530823,16514882
5/17/2023,522.5,523.950012,512.5,515.5,513.898315,13684847
5/18/2023,518.799988,520.900024,507.100006,508.450012,506.870239,12293322
5/19/2023,509.799988,526.400024,504.75,524.950012,523.31897,19343560
5/22/2023,524.950012,527,519.349976,522.5,520.876587,9978339
5/23/2023,522.5,531,521.150024,528.5,526.857971,12256902
5/24/2023,527.150024,529.650024,519.150024,520.200012,518.58374,7648284
5/25/2023,518,518,509.100006,514.849976,513.250305,11543712
5/26/2023,514.900024,519.75,512.200012,518.450012,516.839172,8360570
5/29/2023,525,525.099976,519.700012,521.450012,519.829834,6596504
5/30/2023,521.450012,523.5,518,518.799988,517.188049,5134688
5/31/2023,519.950012,527.5,516.400024,526.299988,524.664795,12327284
6/1/2023,527.5,536.25,522.849976,535.200012,533.537109,12511265
6/2/2023,537,541.25,532.75,535.900024,534.234985,12294728
6/5/2023,539,548.799988,537.900024,546.25,544.552795,15008325
6/6/2023,549.450012,557,545.349976,555.75,554.023254,15395092
6/7/2023,558.799988,575,552.150024,567.950012,566.185364,20855239
6/8/2023,570,576.549988,557,559.700012,557.960999,21527339
6/9/2023,564.400024,566.450012,559.299988,562.299988,560.552917,9361533
6/12/2023,567,568.900024,560.650024,564.150024,562.397217,7599572
6/13/2023,567.700012,571.049988,560.75,562.200012,560.453247,12845897
6/14/2023,566,571.200012,564,570.299988,568.528076,12713256
6/15/2023,571.799988,575,567.75,568.450012,566.683838,12475759
6/16/2023,569.650024,572.200012,566.049988,569.799988,568.029602,8736313
6/19/2023,570.650024,573.200012,564.200012,566.049988,564.29126,6280388
6/20/2023,566.049988,583.950012,562.5,583.25,581.437805,18074902
6/21/2023,584.950012,585.900024,574.5,581.400024,579.593628,9146332
6/22/2023,584,584.700012,568.200012,569.349976,567.580994,11229179
6/23/2023,570,571.150024,557.700012,559.650024,557.911194,9362695
6/26/2023,560,569,557.799988,567.849976,566.085632,6986621
6/27/2023,570,576.900024,568.450012,573.099976,571.319336,9404450
6/28/2023,573.099976,573.099976,573.099976,573.099976,571.319336,0
6/30/2023,588.349976,599,588,595.549988,593.699585,12488047
7/3/2023,600,602.299988,590,590.799988,588.964355,11131048
7/4/2023,594.400024,596.400024,589.5,591.450012,589.612366,6917886
7/5/2023,592,593,584.950012,588.25,586.422302,8715919
7/6/2023,590.799988,604.950012,588.549988,600.799988,598.933289,14356681
7/7/2023,600,624.799988,592.200012,618.200012,616.279236,21066726
7/10/2023,624,634.799988,617.549988,618.650024,616.727844,23802524
7/11/2023,624.950012,630.450012,622.150024,628.5,626.547241,12051173
7/12/2023,629.950012,630.799988,619.349976,621.450012,619.519165,10785502
7/13/2023,625,626.5,615.5,620.650024,618.72168,9689708
7/14/2023,623,626,619.5,624.900024,622.958435,7010179
7/17/2023,626.900024,627,617.150024,618.5,616.578308,7580645
7/18/2023,620.400024,620.849976,607,612.099976,610.198181,10359400
7/19/2023,614,625.299988,610.150024,620.599976,618.671753,11128348
7/20/2023,622.650024,623.599976,616.200012,621.650024,619.718567,7834891
7/21/2023,621,631,617.700012,625.75,623.805786,12914610
7/24/2023,627.950012,634.450012,626.25,629.25,627.294922,12247844
7/25/2023,636,642.5,633.349976,639.450012,637.463257,13988137
7/26/2023,640,665.400024,639,641.099976,639.108093,31673714
7/27/2023,647,648.450012,636.75,643.700012,641.700012,11696851
7/28/2023,646,646,631.799988,635.299988,635.299988,9299530
7/31/2023,640.200012,645.549988,635.900024,644.299988,644.299988,7502361
8/1/2023,645,652.900024,642,643.650024,643.650024,8924219
8/2/2023,644,644.299988,616.450012,622.650024,622.650024,15762687
8/3/2023,623,626.450012,614.150024,618.950012,618.950012,11458920
8/4/2023,624.849976,625,613.299988,615,615,11806739
8/7/2023,619,619,608.5,609.5,609.5,9893466
8/8/2023,612.549988,614.75,605.25,607.299988,607.299988,8863640
8/9/2023,610.599976,624,605.349976,622.549988,622.549988,13362350
8/10/2023,623,628.299988,598,618.25,618.25,53116980
8/11/2023,619.75,624.75,610,611.799988,611.799988,9347707
8/14/2023,612,612,594.5,607.349976,607.349976,14492164
8/16/2023,606.700012,621.349976,597.299988,618.75,618.75,14562074
8/17/2023,620,622,611,613.75,613.75,12119293
8/18/2023,612.799988,620.099976,610.900024,615.799988,615.799988,11190760
8/21/2023,617,623.299988,614.799988,620.5,620.5,9580365
8/22/2023,621.799988,626.5,618.599976,620.200012,620.200012,8534395
8/23/2023,622.75,622.75,613.150024,613.900024,613.900024,8248333
8/24/2023,618,619,609.650024,610.950012,610.950012,7096025
8/25/2023,610.849976,616.700012,593.299988,605.099976,605.099976,16075509
8/28/2023,605.400024,608.5,601.549988,602.400024,602.400024,7479254
8/29/2023,603.599976,610.5,603.599976,607.150024,607.150024,6956667
8/30/2023,611.200012,612.900024,605,605.549988,605.549988,5676055
8/31/2023,608.799988,609.650024,599.049988,601,601,10544271
9/1/2023,604.200012,614.900024,601.900024,611.200012,611.200012,10297492
9/4/2023,615.599976,615.599976,606,609,609,8392665
9/5/2023,610,618.900024,608.049988,611.150024,611.150024,8560651
9/6/2023,611.150024,612.549988,605.599976,610.25,610.25,6520064
9/7/2023,610.900024,616.5,609.049988,614.900024,614.900024,6520293
9/8/2023,617.950012,628.900024,614.200012,627.25,627.25,16190749
9/11/2023,634.650024,635.400024,630.5,634.849976,634.849976,8780510
9/12/2023,638,639,615.25,620.799988,620.799988,12541377
9/13/2023,621,628.5,619.549988,625.900024,625.900024,6988358
9/14/2023,628.099976,630.799988,623.299988,624.599976,624.599976,5722295
9/15/2023,628.700012,636.5,627.150024,634.25,634.25,18917805
9/18/2023,635.900024,644.200012,633.150024,640.650024,640.650024,11108349
9/20/2023,640.700012,647,637,638.5,638.5,11777925
9/21/2023,638.5,641.700012,624,627.049988,627.049988,9266854
9/22/2023,628,630.799988,619,620.450012,620.450012,6551917
9/25/2023,623.849976,625.200012,617.900024,618.700012,618.700012,6390681
9/26/2023,618.700012,625.700012,617.950012,619.799988,619.799988,6271108
9/27/2023,619.950012,621.900024,616.75,620.150024,620.150024,5960490
9/28/2023,622.900024,623.799988,612.25,614.099976,614.099976,6768196
9/29/2023,618.700012,633,617,630.200012,630.200012,8969405
10/3/2023,632.599976,632.650024,618.599976,620.450012,620.450012,6894577
10/4/2023,620.799988,620.799988,608.299988,613.599976,613.599976,7612709
10/5/2023,619,621.349976,614.650024,619.599976,619.599976,7893892
10/6/2023,627,627.349976,620,622.450012,622.450012,7922379
10/9/2023,620.799988,622,613.700012,617.349976,617.349976,6381189
10/10/2023,620,632.5,617.599976,630.549988,630.549988,9833429
10/11/2023,633,637.799988,632.599976,634,634,7701931
10/12/2023,637,640.200012,635.049988,636.950012,636.950012,5928732
10/13/2023,633.950012,669,633,667.099976,667.099976,28011678
10/16/2023,668.549988,677.799988,661.25,666.200012,666.200012,20005816
10/17/2023,670,670.900024,654.650024,655.700012,655.700012,10263992
10/18/2023,658.599976,672.25,653.799988,668.5,668.5,14908778
10/19/2023,662.950012,672.299988,658.599976,668.799988,668.799988,10633043
10/20/2023,666.650024,676.400024,660.5,663.200012,663.200012,11759568
10/23/2023,663.650024,667.25,645,647.349976,647.349976,8564004
10/25/2023,650,651.900024,636.049988,637.849976,637.849976,8229559
10/26/2023,635,635.650024,624.150024,626.549988,626.549988,8889373
10/27/2023,630,643.950012,628.450012,641.049988,641.049988,10232856
10/30/2023,643.799988,643.799988,621.849976,628.5,628.5,12786883
10/31/2023,642,642,627.299988,628.650024,628.650024,11395766
11/1/2023,630,633.799988,626.299988,627.700012,627.700012,8785264
11/2/2023,632,638.200012,630.099976,636.450012,636.450012,9934305
11/3/2023,662,666,646.200012,647.5,647.5,23087856
11/6/2023,652.849976,652.849976,643.200012,646.049988,646.049988,10801301
11/7/2023,645,649.900024,643.299988,645,645,6588073
11/8/2023,648,649.049988,641.900024,642.549988,642.549988,6551864
11/9/2023,644,653.650024,642.700012,649.349976,649.349976,10155047
11/10/2023,649.349976,652.950012,644,651.049988,651.049988,6425792
11/13/2023,653,654,649.299988,653.25,653.25,3279829
11/15/2023,660,673.5,656.549988,671.549988,671.549988,11324434
11/16/2023,674,685.5,670.900024,680.400024,680.400024,17501373
11/17/2023,682.5,687.650024,679.599976,681.549988,681.549988,9563220
11/20/2023,682,686.75,670.700012,674.299988,674.299988,8324354
11/21/2023,677,683.299988,675,681.700012,681.700012,7291057
11/22/2023,683.950012,687.349976,676.049988,681.200012,681.200012,9279642
11/23/2023,683.200012,685.900024,677.049988,679.950012,679.950012,5885370
11/24/2023,681.400024,681.950012,671.25,673.700012,673.700012,6951690
11/28/2023,677.450012,699.450012,674.25,697.5,697.5,16015860
11/29/2023,702.75,714.400024,694.349976,712.349976,712.349976,16122864
11/30/2023,716.299988,717.25,697,706.400024,706.400024,24275245
12/1/2023,708,711,703,705.450012,705.450012,10565415
12/4/2023,716,717,704.799988,705.599976,705.599976,9348036
12/5/2023,705.900024,714.900024,705,708.950012,708.950012,9601509
12/6/2023,709.049988,724.799988,709,722.450012,722.450012,12148825
12/7/2023,725,727.5,716,721.950012,721.950012,10451801
12/8/2023,722.049988,727.599976,707.5,714.549988,714.549988,8557203
12/11/2023,717.799988,726.5,716.549988,720.799988,720.799988,6403209
12/12/2023,724.799988,724.799988,713,715.400024,715.400024,6461539
12/13/2023,716,721.450012,713.5,720.299988,720.299988,5807736
12/14/2023,724,724.700012,718.599976,719.75,719.75,6732352
12/15/2023,723.900024,734,721.25,732.400024,732.400024,12082079
12/18/2023,732.900024,734.75,728.099976,730.799988,730.799988,5450397
12/19/2023,732.599976,732.599976,726,728.950012,728.950012,4511101
12/20/2023,730.950012,733,703.049988,705.25,705.25,8107602
12/21/2023,703,711.900024,696.25,708.849976,708.849976,7702232
12/22/2023,716.799988,731,712,724.700012,724.700012,12062238
12/26/2023,727.400024,727.5,716.599976,719.549988,719.549988,7229143
12/27/2023,728,741.849976,725.150024,740.900024,740.900024,15052800
12/28/2023,742.650024,757.950012,739.049988,753.900024,753.900024,14906199
12/29/2023,755,802.900024,754,779.950012,779.950012,41170191
1/1/2024,785,798.700012,781.049988,790.599976,790.599976,12570717
1/2/2024,800.5,804,779,784.400024,784.400024,13791090
1/3/2024,786.049988,790,776.25,781.450012,781.450012,8559060
1/4/2024,798,801.799988,791.299988,795.75,795.75,14298444
1/5/2024,799,805.900024,787.099976,790.950012,790.950012,11091198
1/8/2024,798.400024,800.349976,787.5,789.099976,789.099976,7668471
1/9/2024,799.950012,809.200012,793.150024,799.799988,799.799988,12872757
1/10/2024,800,811,792.650024,808.450012,808.450012,9980044
1/11/2024,813.5,817.5,808.450012,815.650024,815.650024,11075167
1/12/2024,818.150024,818.549988,809.150024,816.450012,816.450012,7664094
1/15/2024,820,820.400024,810.299988,812.450012,812.450012,4835856
1/16/2024,812.450012,827,812.450012,818.849976,818.849976,10159066
1/17/2024,811,813.700012,804,805.549988,805.549988,7895439
1/18/2024,807,822.950012,797,819.049988,819.049988,11500495
1/19/2024,823.849976,826,819.5,823.549988,823.549988,5706888
